order_id,user_id,status,created_at,shipped_at,delivered_at,num_of_item,last_updated_ts
6396,5186,Cancelled,2024-04-19 10:33:00.000000 UTC,,,1,2024-04-19 10:33:00.000000 UTC
8183,6635,Cancelled,2024-04-19 14:37:16.548556 UTC,,,1,2024-04-19 14:37:16.548556 UTC
9772,7938,Cancelled,2024-04-19 18:51:50.237627 UTC,,,1,2024-04-19 18:51:50.237627 UTC
14264,11563,Cancelled,2024-04-19 05:27:30.792047 UTC,,,1,2024-04-19 05:27:30.792047 UTC
22027,17710,Cancelled,2024-04-19 07:54:12.255381 UTC,,,1,2024-04-19 07:54:12.255381 UTC
34260,27462,Cancelled,2024-04-19 06:07:35.045811 UTC,,,3,2024-04-19 06:07:35.045811 UTC
37057,29686,Cancelled,2024-04-19 08:49:34.891230 UTC,,,3,2024-04-19 08:49:34.891230 UTC
37874,30341,Cancelled,2024-04-19 14:41:00.000000 UTC,,,2,2024-04-19 14:41:00.000000 UTC
38548,30893,Cancelled,2024-04-19 00:25:07.463340 UTC,,,1,2024-04-19 00:25:07.463340 UTC
38683,31004,Cancelled,2024-04-19 17:48:10.402952 UTC,,,2,2024-04-19 17:48:10.402952 UTC
40268,32274,Cancelled,2024-04-19 15:13:44.335111 UTC,,,1,2024-04-19 15:13:44.335111 UTC
40518,32483,Cancelled,2024-04-19 13:37:50.000181 UTC,,,1,2024-04-19 13:37:50.000181 UTC
40521,32483,Cancelled,2024-04-19 13:37:50.000181 UTC,,,2,2024-04-19 13:37:50.000181 UTC
40874,32758,Cancelled,2024-04-19 01:47:59.948085 UTC,,,1,2024-04-19 01:47:59.948085 UTC
42438,34020,Cancelled,2024-04-19 16:01:48.234144 UTC,,,2,2024-04-19 16:01:48.234144 UTC
42768,34292,Cancelled,2024-04-19 14:16:55.333041 UTC,,,1,2024-04-19 14:16:55.333041 UTC
44017,35292,Cancelled,2024-04-19 01:57:00.000000 UTC,,,1,2024-04-19 01:57:00.000000 UTC
44847,35970,Cancelled,2024-04-19 01:15:40.074747 UTC,,,1,2024-04-19 01:15:40.074747 UTC
45466,36494,Cancelled,2024-04-19 08:23:53.738936 UTC,,,4,2024-04-19 08:23:53.738936 UTC
45739,36718,Cancelled,2024-04-19 16:19:59.627324 UTC,,,4,2024-04-19 16:19:59.627324 UTC
48057,38571,Cancelled,2024-04-19 15:11:49.068123 UTC,,,1,2024-04-19 15:11:49.068123 UTC
48066,38576,Cancelled,2024-04-19 05:05:49.204644 UTC,,,2,2024-04-19 05:05:49.204644 UTC
50592,40599,Cancelled,2024-04-19 17:47:00.000000 UTC,,,2,2024-04-19 17:47:00.000000 UTC
50593,40599,Cancelled,2024-04-19 17:47:00.000000 UTC,,,1,2024-04-19 17:47:00.000000 UTC
56928,45617,Cancelled,2024-04-19 10:46:51.230301 UTC,,,1,2024-04-19 10:46:51.230301 UTC
56929,45617,Cancelled,2024-04-19 10:46:51.230301 UTC,,,2,2024-04-19 10:46:51.230301 UTC
60875,48746,Cancelled,2024-04-19 05:06:12.204104 UTC,,,1,2024-04-19 05:06:12.204104 UTC
68703,54975,Cancelled,2024-04-19 11:22:54.837221 UTC,,,3,2024-04-19 11:22:54.837221 UTC
71015,56806,Cancelled,2024-04-19 01:25:00.000000 UTC,,,1,2024-04-19 01:25:00.000000 UTC
72370,57882,Cancelled,2024-04-19 04:03:00.000000 UTC,,,1,2024-04-19 04:03:00.000000 UTC
73195,58582,Cancelled,2024-04-19 00:48:51.382272 UTC,,,2,2024-04-19 00:48:51.382272 UTC
74887,59919,Cancelled,2024-04-19 15:35:26.044336 UTC,,,1,2024-04-19 15:35:26.044336 UTC
75768,60606,Cancelled,2024-04-19 08:57:43.883448 UTC,,,1,2024-04-19 08:57:43.883448 UTC
77509,61960,Cancelled,2024-04-19 09:33:19.242039 UTC,,,1,2024-04-19 09:33:19.242039 UTC
77511,61960,Cancelled,2024-04-19 09:33:19.242039 UTC,,,1,2024-04-19 09:33:19.242039 UTC
77676,62093,Cancelled,2024-04-19 13:20:22.778223 UTC,,,1,2024-04-19 13:20:22.778223 UTC
78445,62701,Cancelled,2024-04-19 11:44:38.742545 UTC,,,1,2024-04-19 11:44:38.742545 UTC
81465,65144,Cancelled,2024-04-19 09:55:41.888092 UTC,,,1,2024-04-19 09:55:41.888092 UTC
84867,67880,Cancelled,2024-04-19 01:12:52.965466 UTC,,,1,2024-04-19 01:12:52.965466 UTC
87521,70001,Cancelled,2024-04-19 00:30:00.000000 UTC,,,1,2024-04-19 00:30:00.000000 UTC
89065,71262,Cancelled,2024-04-19 16:35:00.000000 UTC,,,1,2024-04-19 16:35:00.000000 UTC
92098,73668,Cancelled,2024-04-19 00:59:22.330306 UTC,,,1,2024-04-19 00:59:22.330306 UTC
92099,73668,Cancelled,2024-04-19 00:59:22.330306 UTC,,,1,2024-04-19 00:59:22.330306 UTC
92100,73668,Cancelled,2024-04-19 00:59:22.330306 UTC,,,1,2024-04-19 00:59:22.330306 UTC
94480,75566,Cancelled,2024-04-19 09:19:00.000000 UTC,,,1,2024-04-19 09:19:00.000000 UTC
94827,75847,Cancelled,2024-04-19 19:29:18.494105 UTC,,,2,2024-04-19 19:29:18.494105 UTC
96148,76909,Cancelled,2024-04-19 07:13:46.036230 UTC,,,1,2024-04-19 07:13:46.036230 UTC
97892,78340,Cancelled,2024-04-19 16:44:23.173107 UTC,,,1,2024-04-19 16:44:23.173107 UTC
98926,79173,Cancelled,2024-04-19 06:51:44.729124 UTC,,,1,2024-04-19 06:51:44.729124 UTC
102481,81983,Cancelled,2024-04-19 14:47:57.283962 UTC,,,1,2024-04-19 14:47:57.283962 UTC
102666,82156,Cancelled,2024-04-19 16:20:01.711150 UTC,,,2,2024-04-19 16:20:01.711150 UTC
102748,82224,Cancelled,2024-04-19 10:29:00.000000 UTC,,,2,2024-04-19 10:29:00.000000 UTC
102749,82224,Cancelled,2024-04-19 10:29:00.000000 UTC,,,1,2024-04-19 10:29:00.000000 UTC
103573,82907,Cancelled,2024-04-19 14:19:20.972076 UTC,,,1,2024-04-19 14:19:20.972076 UTC
104214,83468,Cancelled,2024-04-19 05:28:35.474631 UTC,,,2,2024-04-19 05:28:35.474631 UTC
110498,88473,Cancelled,2024-04-19 13:17:46.532321 UTC,,,1,2024-04-19 13:17:46.532321 UTC
114047,91363,Cancelled,2024-04-19 15:58:01.259415 UTC,,,1,2024-04-19 15:58:01.259415 UTC
118308,94828,Cancelled,2024-04-19 13:26:30.899733 UTC,,,2,2024-04-19 13:26:30.899733 UTC
119506,95775,Cancelled,2024-04-19 12:53:56.700692 UTC,,,1,2024-04-19 12:53:56.700692 UTC
119507,95775,Cancelled,2024-04-19 12:53:56.700692 UTC,,,2,2024-04-19 12:53:56.700692 UTC
1892,1552,Complete,2024-04-19 13:29:01.813857 UTC,2024-04-19 16:44:01.813857 UTC,2024-04-22 12:07:01.813857 UTC,1,2024-04-19 13:29:01.813857 UTC
2663,2166,Complete,2024-04-19 09:05:17.834710 UTC,2024-04-20 14:44:17.834710 UTC,2024-04-24 00:02:17.834710 UTC,1,2024-04-19 09:05:17.834710 UTC
3138,2535,Complete,2024-04-19 09:24:27.532635 UTC,2024-04-22 00:57:27.532635 UTC,2024-04-26 17:29:27.532635 UTC,1,2024-04-19 09:24:27.532635 UTC
4651,3747,Complete,2024-04-19 09:39:59.251770 UTC,2024-04-21 09:59:59.251770 UTC,2024-04-25 05:39:59.251770 UTC,1,2024-04-19 09:39:59.251770 UTC
5886,4766,Complete,2024-04-19 12:59:25.819751 UTC,2024-04-21 06:13:25.819751 UTC,2024-04-23 10:39:25.819751 UTC,3,2024-04-19 12:59:25.819751 UTC
9752,7927,Complete,2024-04-19 12:54:49.941761 UTC,2024-04-20 22:38:49.941761 UTC,2024-04-23 15:54:49.941761 UTC,1,2024-04-19 12:54:49.941761 UTC
12810,10393,Complete,2024-04-19 07:20:55.527819 UTC,2024-04-19 20:53:55.527819 UTC,2024-04-20 10:15:55.527819 UTC,2,2024-04-19 07:20:55.527819 UTC
12811,10393,Complete,2024-04-19 07:20:55.527819 UTC,2024-04-20 21:27:55.527819 UTC,2024-04-22 05:20:55.527819 UTC,1,2024-04-19 07:20:55.527819 UTC
14263,11563,Complete,2024-04-19 05:27:30.792047 UTC,2024-04-21 19:07:30.792047 UTC,2024-04-26 12:01:30.792047 UTC,1,2024-04-19 05:27:30.792047 UTC
15592,12601,Complete,2024-04-19 06:38:57.770834 UTC,2024-04-20 05:26:57.770834 UTC,2024-04-23 17:36:57.770834 UTC,1,2024-04-19 06:38:57.770834 UTC
16649,13431,Complete,2024-04-19 04:52:19.489045 UTC,2024-04-20 22:10:19.489045 UTC,2024-04-25 11:43:19.489045 UTC,1,2024-04-19 04:52:19.489045 UTC
17060,13762,Complete,2024-04-19 10:03:00.000000 UTC,2024-04-20 08:02:00.000000 UTC,2024-04-23 23:05:00.000000 UTC,1,2024-04-19 10:03:00.000000 UTC
17119,13809,Complete,2024-04-19 19:11:29.411798 UTC,2024-04-20 05:30:29.411798 UTC,2024-04-23 15:46:29.411798 UTC,1,2024-04-19 19:11:29.411798 UTC
19276,15520,Complete,2024-04-19 12:06:14.434138 UTC,2024-04-19 14:05:14.434138 UTC,2024-04-21 02:15:14.434138 UTC,2,2024-04-19 12:06:14.434138 UTC
22876,18385,Complete,2024-04-19 14:03:30.082963 UTC,2024-04-20 12:48:30.082963 UTC,2024-04-22 16:26:30.082963 UTC,1,2024-04-19 14:03:30.082963 UTC
26172,20986,Complete,2024-04-19 13:20:00.000000 UTC,2024-04-21 06:34:00.000000 UTC,2024-04-26 05:54:00.000000 UTC,1,2024-04-19 13:20:00.000000 UTC
27809,22329,Complete,2024-04-19 06:57:00.000000 UTC,2024-04-19 15:52:00.000000 UTC,2024-04-20 17:12:00.000000 UTC,1,2024-04-19 06:57:00.000000 UTC
29030,23294,Complete,2024-04-19 14:35:43.392132 UTC,2024-04-22 09:47:43.392132 UTC,2024-04-27 08:20:43.392132 UTC,2,2024-04-19 14:35:43.392132 UTC
31091,24956,Complete,2024-04-19 01:33:27.911074 UTC,2024-04-19 21:20:27.911074 UTC,2024-04-23 00:43:27.911074 UTC,1,2024-04-19 01:33:27.911074 UTC
34258,27462,Complete,2024-04-19 06:07:35.045811 UTC,2024-04-21 07:07:35.045811 UTC,2024-04-24 04:37:35.045811 UTC,2,2024-04-19 06:07:35.045811 UTC
37056,29686,Complete,2024-04-19 08:49:34.891230 UTC,2024-04-22 00:53:34.891230 UTC,2024-04-26 06:13:34.891230 UTC,2,2024-04-19 08:49:34.891230 UTC
40718,32631,Complete,2024-04-19 08:04:56.578106 UTC,2024-04-20 15:52:56.578106 UTC,2024-04-23 15:23:56.578106 UTC,1,2024-04-19 08:04:56.578106 UTC
42395,33983,Complete,2024-04-19 01:58:47.252084 UTC,2024-04-19 11:43:47.252084 UTC,2024-04-21 22:09:47.252084 UTC,1,2024-04-19 01:58:47.252084 UTC
42972,34466,Complete,2024-04-19 06:15:59.955716 UTC,2024-04-21 01:25:59.955716 UTC,2024-04-24 20:54:59.955716 UTC,1,2024-04-19 06:15:59.955716 UTC
47899,38443,Complete,2024-04-19 00:09:00.000000 UTC,2024-04-19 06:31:00.000000 UTC,2024-04-22 04:58:00.000000 UTC,1,2024-04-19 00:09:00.000000 UTC
48065,38576,Complete,2024-04-19 05:05:49.204644 UTC,2024-04-20 13:43:49.204644 UTC,2024-04-23 18:05:49.204644 UTC,2,2024-04-19 05:05:49.204644 UTC
55159,44230,Complete,2024-04-19 17:54:15.331892 UTC,2024-04-20 16:44:15.331892 UTC,2024-04-23 08:35:15.331892 UTC,3,2024-04-19 17:54:15.331892 UTC
55495,44501,Complete,2024-04-19 04:04:00.000000 UTC,2024-04-21 21:43:00.000000 UTC,2024-04-25 14:35:00.000000 UTC,1,2024-04-19 04:04:00.000000 UTC
58494,46818,Complete,2024-04-19 18:11:22.232798 UTC,2024-04-21 07:55:22.232798 UTC,2024-04-24 08:17:22.232798 UTC,1,2024-04-19 18:11:22.232798 UTC
58714,46991,Complete,2024-04-19 17:04:26.746540 UTC,2024-04-19 21:37:26.746540 UTC,2024-04-24 15:18:26.746540 UTC,1,2024-04-19 17:04:26.746540 UTC
58715,46991,Complete,2024-04-19 17:04:26.746540 UTC,2024-04-20 10:45:26.746540 UTC,2024-04-22 16:07:26.746540 UTC,2,2024-04-19 17:04:26.746540 UTC
60317,48320,Complete,2024-04-19 07:22:00.990561 UTC,2024-04-21 00:03:00.990561 UTC,2024-04-22 17:12:00.990561 UTC,1,2024-04-19 07:22:00.990561 UTC
60318,48320,Complete,2024-04-19 07:22:00.990561 UTC,2024-04-20 23:47:00.990561 UTC,2024-04-24 09:09:00.990561 UTC,1,2024-04-19 07:22:00.990561 UTC
62888,50391,Complete,2024-04-19 14:39:54.699730 UTC,2024-04-21 11:48:54.699730 UTC,2024-04-22 11:17:54.699730 UTC,1,2024-04-19 14:39:54.699730 UTC
71094,56873,Complete,2024-04-19 07:26:00.000000 UTC,2024-04-21 20:41:00.000000 UTC,2024-04-22 08:57:00.000000 UTC,2,2024-04-19 07:26:00.000000 UTC
71234,56990,Complete,2024-04-19 14:05:06.020416 UTC,2024-04-20 15:18:06.020416 UTC,2024-04-20 22:01:06.020416 UTC,1,2024-04-19 14:05:06.020416 UTC
71236,56990,Complete,2024-04-19 14:05:06.020416 UTC,2024-04-20 10:16:06.020416 UTC,2024-04-22 17:02:06.020416 UTC,1,2024-04-19 14:05:06.020416 UTC
72548,58038,Complete,2024-04-19 15:21:37.220007 UTC,2024-04-21 14:43:37.220007 UTC,2024-04-23 21:16:37.220007 UTC,1,2024-04-19 15:21:37.220007 UTC
72852,58297,Complete,2024-04-19 13:54:43.895279 UTC,2024-04-22 09:44:43.895279 UTC,2024-04-24 03:39:43.895279 UTC,2,2024-04-19 13:54:43.895279 UTC
73456,58783,Complete,2024-04-19 18:55:56.715519 UTC,2024-04-21 06:10:56.715519 UTC,2024-04-23 08:30:56.715519 UTC,2,2024-04-19 18:55:56.715519 UTC
76602,61264,Complete,2024-04-19 16:38:00.941510 UTC,2024-04-21 18:16:00.941510 UTC,2024-04-26 05:15:00.941510 UTC,1,2024-04-19 16:38:00.941510 UTC
79018,63165,Complete,2024-04-19 15:21:50.886815 UTC,2024-04-20 01:57:50.886815 UTC,2024-04-24 09:10:50.886815 UTC,1,2024-04-19 15:21:50.886815 UTC
81466,65144,Complete,2024-04-19 09:55:41.888092 UTC,2024-04-21 04:28:41.888092 UTC,2024-04-23 08:19:41.888092 UTC,1,2024-04-19 09:55:41.888092 UTC
88073,70444,Complete,2024-04-19 06:45:59.557442 UTC,2024-04-19 13:41:59.557442 UTC,2024-04-24 01:03:59.557442 UTC,1,2024-04-19 06:45:59.557442 UTC
89787,71817,Complete,2024-04-19 15:07:34.821009 UTC,2024-04-22 12:40:34.821009 UTC,2024-04-26 22:09:34.821009 UTC,1,2024-04-19 15:07:34.821009 UTC
90846,72651,Complete,2024-04-19 00:10:00.000000 UTC,2024-04-19 14:50:00.000000 UTC,2024-04-20 08:10:00.000000 UTC,1,2024-04-19 00:10:00.000000 UTC
93515,74825,Complete,2024-04-19 15:19:51.783846 UTC,2024-04-21 09:01:51.783846 UTC,2024-04-23 00:30:51.783846 UTC,2,2024-04-19 15:19:51.783846 UTC
93729,74995,Complete,2024-04-19 04:05:56.243510 UTC,2024-04-21 03:57:56.243510 UTC,2024-04-24 23:18:56.243510 UTC,2,2024-04-19 04:05:56.243510 UTC
94286,75411,Complete,2024-04-19 15:22:07.248382 UTC,2024-04-21 17:17:07.248382 UTC,2024-04-26 15:18:07.248382 UTC,1,2024-04-19 15:22:07.248382 UTC
94287,75411,Complete,2024-04-19 15:22:07.248382 UTC,2024-04-22 10:48:07.248382 UTC,2024-04-23 02:22:07.248382 UTC,2,2024-04-19 15:22:07.248382 UTC
96146,76909,Complete,2024-04-19 07:13:46.036230 UTC,2024-04-21 05:50:46.036230 UTC,2024-04-23 09:47:46.036230 UTC,1,2024-04-19 07:13:46.036230 UTC
96605,77281,Complete,2024-04-19 15:35:55.717100 UTC,2024-04-21 08:35:55.717100 UTC,2024-04-21 17:41:55.717100 UTC,1,2024-04-19 15:35:55.717100 UTC
97415,77944,Complete,2024-04-19 07:56:12.948369 UTC,2024-04-21 08:13:12.948369 UTC,2024-04-25 12:09:12.948369 UTC,1,2024-04-19 07:56:12.948369 UTC
97891,78340,Complete,2024-04-19 16:44:23.173107 UTC,2024-04-19 19:38:23.173107 UTC,2024-04-20 05:36:23.173107 UTC,1,2024-04-19 16:44:23.173107 UTC
98865,79127,Complete,2024-04-19 19:31:43.529923 UTC,2024-04-21 17:18:43.529923 UTC,2024-04-24 03:06:43.529923 UTC,1,2024-04-19 19:31:43.529923 UTC
98925,79173,Complete,2024-04-19 06:51:44.729124 UTC,2024-04-21 21:27:44.729124 UTC,2024-04-22 20:07:44.729124 UTC,1,2024-04-19 06:51:44.729124 UTC
100193,80181,Complete,2024-04-19 18:55:10.712224 UTC,2024-04-22 18:15:10.712224 UTC,2024-04-25 22:56:10.712224 UTC,1,2024-04-19 18:55:10.712224 UTC
102542,82033,Complete,2024-04-19 01:10:58.584525 UTC,2024-04-22 00:45:58.584525 UTC,2024-04-25 18:26:58.584525 UTC,1,2024-04-19 01:10:58.584525 UTC
102543,82033,Complete,2024-04-19 01:10:58.584525 UTC,2024-04-20 20:27:58.584525 UTC,2024-04-25 08:32:58.584525 UTC,1,2024-04-19 01:10:58.584525 UTC
102544,82033,Complete,2024-04-19 01:10:58.584525 UTC,2024-04-21 10:57:58.584525 UTC,2024-04-24 11:06:58.584525 UTC,1,2024-04-19 01:10:58.584525 UTC
102545,82033,Complete,2024-04-19 01:10:58.584525 UTC,2024-04-21 07:06:58.584525 UTC,2024-04-23 20:41:58.584525 UTC,1,2024-04-19 01:10:58.584525 UTC
104987,84094,Complete,2024-04-19 10:46:51.628649 UTC,2024-04-22 08:52:51.628649 UTC,2024-04-22 12:47:51.628649 UTC,1,2024-04-19 10:46:51.628649 UTC
104988,84094,Complete,2024-04-19 10:46:51.628649 UTC,2024-04-21 13:14:51.628649 UTC,2024-04-22 14:40:51.628649 UTC,1,2024-04-19 10:46:51.628649 UTC
106255,85125,Complete,2024-04-19 05:14:18.093425 UTC,2024-04-22 01:41:18.093425 UTC,2024-04-25 14:12:18.093425 UTC,1,2024-04-19 05:14:18.093425 UTC
110741,88671,Complete,2024-04-19 06:59:51.527181 UTC,2024-04-19 14:40:51.527181 UTC,2024-04-20 21:37:51.527181 UTC,1,2024-04-19 06:59:51.527181 UTC
112120,89808,Complete,2024-04-19 00:29:00.000000 UTC,2024-04-20 11:31:00.000000 UTC,2024-04-22 13:27:00.000000 UTC,1,2024-04-19 00:29:00.000000 UTC
113949,91293,Complete,2024-04-19 17:02:59.441049 UTC,2024-04-20 21:01:59.441049 UTC,2024-04-21 09:07:59.441049 UTC,2,2024-04-19 17:02:59.441049 UTC
117654,94315,Complete,2024-04-19 11:52:17.560686 UTC,2024-04-21 19:13:17.560686 UTC,2024-04-26 06:43:17.560686 UTC,2,2024-04-19 11:52:17.560686 UTC
118747,95191,Complete,2024-04-19 05:30:40.402621 UTC,2024-04-20 01:47:40.402621 UTC,2024-04-24 03:57:40.402621 UTC,4,2024-04-19 05:30:40.402621 UTC
120459,96573,Complete,2024-04-19 03:55:18.719683 UTC,2024-04-19 07:35:18.719683 UTC,2024-04-23 20:27:18.719683 UTC,1,2024-04-19 03:55:18.719683 UTC
122115,97881,Complete,2024-04-19 15:11:52.872586 UTC,2024-04-22 03:33:52.872586 UTC,2024-04-22 06:17:52.872586 UTC,1,2024-04-19 15:11:52.872586 UTC
122646,98314,Complete,2024-04-19 15:22:04.087655 UTC,2024-04-21 09:53:04.087655 UTC,2024-04-25 16:12:04.087655 UTC,1,2024-04-19 15:22:04.087655 UTC
124002,99414,Complete,2024-04-19 04:21:32.382264 UTC,2024-04-22 03:18:32.382264 UTC,2024-04-27 02:25:32.382264 UTC,1,2024-04-19 04:21:32.382264 UTC
1893,1552,Processing,2024-04-19 13:29:01.813857 UTC,,,1,2024-04-19 13:29:01.813857 UTC
6394,5186,Processing,2024-04-19 10:33:00.000000 UTC,,,1,2024-04-19 10:33:00.000000 UTC
6395,5186,Processing,2024-04-19 10:33:00.000000 UTC,,,2,2024-04-19 10:33:00.000000 UTC
7667,6221,Processing,2024-04-19 08:17:05.660563 UTC,,,1,2024-04-19 08:17:05.660563 UTC
8276,6709,Processing,2024-04-19 10:01:18.444449 UTC,,,1,2024-04-19 10:01:18.444449 UTC
9751,7927,Processing,2024-04-19 12:54:49.941761 UTC,,,2,2024-04-19 12:54:49.941761 UTC
12854,10424,Processing,2024-04-19 05:43:56.330740 UTC,,,3,2024-04-19 05:43:56.330740 UTC
14261,11563,Processing,2024-04-19 05:27:30.792047 UTC,,,2,2024-04-19 05:27:30.792047 UTC
16403,13238,Processing,2024-04-19 01:39:14.493373 UTC,,,1,2024-04-19 01:39:14.493373 UTC
16648,13431,Processing,2024-04-19 04:52:19.489045 UTC,,,2,2024-04-19 04:52:19.489045 UTC
17120,13809,Processing,2024-04-19 19:11:29.411798 UTC,,,1,2024-04-19 19:11:29.411798 UTC
25946,20788,Processing,2024-04-19 06:42:00.000000 UTC,,,1,2024-04-19 06:42:00.000000 UTC
26834,21516,Processing,2024-04-19 01:06:00.000000 UTC,,,1,2024-04-19 01:06:00.000000 UTC
27055,21702,Processing,2024-04-19 15:27:00.760688 UTC,,,1,2024-04-19 15:27:00.760688 UTC
27808,22329,Processing,2024-04-19 06:57:00.000000 UTC,,,1,2024-04-19 06:57:00.000000 UTC
39049,31310,Processing,2024-04-19 10:11:18.513981 UTC,,,1,2024-04-19 10:11:18.513981 UTC
40519,32483,Processing,2024-04-19 13:37:50.000181 UTC,,,2,2024-04-19 13:37:50.000181 UTC
40873,32758,Processing,2024-04-19 01:47:59.948085 UTC,,,1,2024-04-19 01:47:59.948085 UTC
44598,35765,Processing,2024-04-19 15:15:34.727948 UTC,,,1,2024-04-19 15:15:34.727948 UTC
45738,36718,Processing,2024-04-19 16:19:59.627324 UTC,,,1,2024-04-19 16:19:59.627324 UTC
53194,42668,Processing,2024-04-19 09:06:00.000000 UTC,,,1,2024-04-19 09:06:00.000000 UTC
54851,43988,Processing,2024-04-19 11:06:09.018666 UTC,,,1,2024-04-19 11:06:09.018666 UTC
55494,44501,Processing,2024-04-19 04:04:00.000000 UTC,,,2,2024-04-19 04:04:00.000000 UTC
58491,46818,Processing,2024-04-19 18:11:22.232798 UTC,,,1,2024-04-19 18:11:22.232798 UTC
58493,46818,Processing,2024-04-19 18:11:22.232798 UTC,,,1,2024-04-19 18:11:22.232798 UTC
60874,48746,Processing,2024-04-19 05:06:12.204104 UTC,,,4,2024-04-19 05:06:12.204104 UTC
65172,52159,Processing,2024-04-19 09:35:00.000000 UTC,,,1,2024-04-19 09:35:00.000000 UTC
65844,52689,Processing,2024-04-19 01:29:00.000000 UTC,,,4,2024-04-19 01:29:00.000000 UTC
67245,53820,Processing,2024-04-19 15:26:00.000000 UTC,,,1,2024-04-19 15:26:00.000000 UTC
75767,60606,Processing,2024-04-19 08:57:43.883448 UTC,,,1,2024-04-19 08:57:43.883448 UTC
77510,61960,Processing,2024-04-19 09:33:19.242039 UTC,,,1,2024-04-19 09:33:19.242039 UTC
77674,62093,Processing,2024-04-19 13:20:22.778223 UTC,,,1,2024-04-19 13:20:22.778223 UTC
77675,62093,Processing,2024-04-19 13:20:22.778223 UTC,,,1,2024-04-19 13:20:22.778223 UTC
82561,66030,Processing,2024-04-19 07:53:04.912479 UTC,,,4,2024-04-19 07:53:04.912479 UTC
89066,71262,Processing,2024-04-19 16:35:00.000000 UTC,,,2,2024-04-19 16:35:00.000000 UTC
90593,72454,Processing,2024-04-19 04:49:51.109883 UTC,,,1,2024-04-19 04:49:51.109883 UTC
93565,74865,Processing,2024-04-19 13:30:52.829753 UTC,,,1,2024-04-19 13:30:52.829753 UTC
94289,75411,Processing,2024-04-19 15:22:07.248382 UTC,,,1,2024-04-19 15:22:07.248382 UTC
94479,75566,Processing,2024-04-19 09:19:00.000000 UTC,,,1,2024-04-19 09:19:00.000000 UTC
94780,75810,Processing,2024-04-19 16:46:00.000000 UTC,,,1,2024-04-19 16:46:00.000000 UTC
96606,77281,Processing,2024-04-19 15:35:55.717100 UTC,,,1,2024-04-19 15:35:55.717100 UTC
98431,78779,Processing,2024-04-19 13:21:34.598790 UTC,,,1,2024-04-19 13:21:34.598790 UTC
99591,79718,Processing,2024-04-19 09:35:00.000000 UTC,,,1,2024-04-19 09:35:00.000000 UTC
100192,80181,Processing,2024-04-19 18:55:10.712224 UTC,,,1,2024-04-19 18:55:10.712224 UTC
102480,81983,Processing,2024-04-19 14:47:57.283962 UTC,,,2,2024-04-19 14:47:57.283962 UTC
102883,82337,Processing,2024-04-19 04:50:06.271718 UTC,,,1,2024-04-19 04:50:06.271718 UTC
106892,85609,Processing,2024-04-19 11:30:30.522107 UTC,,,1,2024-04-19 11:30:30.522107 UTC
107307,85920,Processing,2024-04-19 03:32:38.625069 UTC,,,1,2024-04-19 03:32:38.625069 UTC
110740,88671,Processing,2024-04-19 06:59:51.527181 UTC,,,1,2024-04-19 06:59:51.527181 UTC
114708,91900,Processing,2024-04-19 19:46:15.109958 UTC,,,1,2024-04-19 19:46:15.109958 UTC
121389,97317,Processing,2024-04-19 16:06:38.348681 UTC,,,2,2024-04-19 16:06:38.348681 UTC
121433,97358,Processing,2024-04-19 06:37:39.372329 UTC,,,1,2024-04-19 06:37:39.372329 UTC
556,459,Returned,2024-04-19 08:44:31.999664 UTC,2024-04-19 13:18:31.999664 UTC,2024-04-22 15:36:31.999664 UTC,1,2024-04-19 08:44:31.999664 UTC
10558,8575,Returned,2024-04-19 16:21:06.821495 UTC,2024-04-21 17:09:06.821495 UTC,2024-04-25 03:26:06.821495 UTC,1,2024-04-19 16:21:06.821495 UTC
24938,19968,Returned,2024-04-19 00:47:00.000000 UTC,2024-04-21 15:41:00.000000 UTC,2024-04-22 23:22:00.000000 UTC,2,2024-04-19 00:47:00.000000 UTC
26991,21650,Returned,2024-04-19 12:31:59.402055 UTC,2024-04-20 20:10:59.402055 UTC,2024-04-21 20:18:59.402055 UTC,1,2024-04-19 12:31:59.402055 UTC
26992,21650,Returned,2024-04-19 12:31:59.402055 UTC,2024-04-20 16:23:59.402055 UTC,2024-04-21 13:12:59.402055 UTC,1,2024-04-19 12:31:59.402055 UTC
34259,27462,Returned,2024-04-19 06:07:35.045811 UTC,2024-04-20 18:24:35.045811 UTC,2024-04-20 20:08:35.045811 UTC,2,2024-04-19 06:07:35.045811 UTC
37875,30341,Returned,2024-04-19 14:41:00.000000 UTC,2024-04-22 04:44:00.000000 UTC,2024-04-24 16:09:00.000000 UTC,1,2024-04-19 14:41:00.000000 UTC
40520,32483,Returned,2024-04-19 13:37:50.000181 UTC,2024-04-20 03:46:50.000181 UTC,2024-04-20 13:36:50.000181 UTC,1,2024-04-19 13:37:50.000181 UTC
40654,32585,Returned,2024-04-19 13:00:55.190946 UTC,2024-04-20 01:27:55.190946 UTC,2024-04-24 01:06:55.190946 UTC,1,2024-04-19 13:00:55.190946 UTC
45623,36628,Returned,2024-04-19 00:54:57.258583 UTC,2024-04-20 14:11:57.258583 UTC,2024-04-23 06:35:57.258583 UTC,1,2024-04-19 00:54:57.258583 UTC
45741,36718,Returned,2024-04-19 16:19:59.627324 UTC,2024-04-21 00:20:59.627324 UTC,2024-04-25 19:03:59.627324 UTC,2,2024-04-19 16:19:59.627324 UTC
54852,43988,Returned,2024-04-19 11:06:09.018666 UTC,2024-04-22 00:31:09.018666 UTC,2024-04-25 06:28:09.018666 UTC,1,2024-04-19 11:06:09.018666 UTC
56926,45617,Returned,2024-04-19 10:46:51.230301 UTC,2024-04-20 15:30:51.230301 UTC,2024-04-22 17:43:51.230301 UTC,2,2024-04-19 10:46:51.230301 UTC
56927,45617,Returned,2024-04-19 10:46:51.230301 UTC,2024-04-20 23:44:51.230301 UTC,2024-04-24 04:33:51.230301 UTC,1,2024-04-19 10:46:51.230301 UTC
56952,45634,Returned,2024-04-19 15:36:51.678562 UTC,2024-04-20 18:59:51.678562 UTC,2024-04-25 14:16:51.678562 UTC,1,2024-04-19 15:36:51.678562 UTC
58492,46818,Returned,2024-04-19 18:11:22.232798 UTC,2024-04-22 03:07:22.232798 UTC,2024-04-23 01:00:22.232798 UTC,1,2024-04-19 18:11:22.232798 UTC
60873,48746,Returned,2024-04-19 05:06:12.204104 UTC,2024-04-21 03:59:12.204104 UTC,2024-04-22 03:29:12.204104 UTC,2,2024-04-19 05:06:12.204104 UTC
65171,52159,Returned,2024-04-19 09:35:00.000000 UTC,2024-04-20 07:52:00.000000 UTC,2024-04-24 14:47:00.000000 UTC,1,2024-04-19 09:35:00.000000 UTC
68702,54975,Returned,2024-04-19 11:22:54.837221 UTC,2024-04-19 16:50:54.837221 UTC,2024-04-21 15:21:54.837221 UTC,1,2024-04-19 11:22:54.837221 UTC
75766,60606,Returned,2024-04-19 08:57:43.883448 UTC,2024-04-20 08:40:43.883448 UTC,2024-04-23 14:04:43.883448 UTC,2,2024-04-19 08:57:43.883448 UTC
79651,63666,Returned,2024-04-19 11:25:03.816583 UTC,2024-04-22 06:07:03.816583 UTC,2024-04-23 09:52:03.816583 UTC,2,2024-04-19 11:25:03.816583 UTC
94288,75411,Returned,2024-04-19 15:22:07.248382 UTC,2024-04-21 19:54:07.248382 UTC,2024-04-24 21:12:07.248382 UTC,3,2024-04-19 15:22:07.248382 UTC
94481,75566,Returned,2024-04-19 09:19:00.000000 UTC,2024-04-20 16:19:00.000000 UTC,2024-04-22 01:54:00.000000 UTC,1,2024-04-19 09:19:00.000000 UTC
98864,79127,Returned,2024-04-19 19:31:43.529923 UTC,2024-04-20 14:25:43.529923 UTC,2024-04-24 12:59:43.529923 UTC,1,2024-04-19 19:31:43.529923 UTC
98866,79127,Returned,2024-04-19 19:31:43.529923 UTC,2024-04-21 12:16:43.529923 UTC,2024-04-23 03:44:43.529923 UTC,1,2024-04-19 19:31:43.529923 UTC
102482,81983,Returned,2024-04-19 14:47:57.283962 UTC,2024-04-20 08:50:57.283962 UTC,2024-04-22 18:53:57.283962 UTC,2,2024-04-19 14:47:57.283962 UTC
103020,82461,Returned,2024-04-19 03:29:09.388185 UTC,2024-04-19 15:34:09.388185 UTC,2024-04-24 09:03:09.388185 UTC,1,2024-04-19 03:29:09.388185 UTC
103574,82907,Returned,2024-04-19 14:19:20.972076 UTC,2024-04-21 09:47:20.972076 UTC,2024-04-25 19:09:20.972076 UTC,1,2024-04-19 14:19:20.972076 UTC
104268,83507,Returned,2024-04-19 03:40:36.458551 UTC,2024-04-19 15:37:36.458551 UTC,2024-04-24 14:50:36.458551 UTC,2,2024-04-19 03:40:36.458551 UTC
113758,91140,Returned,2024-04-19 11:57:00.000000 UTC,2024-04-19 15:05:00.000000 UTC,2024-04-20 00:52:00.000000 UTC,1,2024-04-19 11:57:00.000000 UTC
114881,92055,Returned,2024-04-19 03:48:19.020317 UTC,2024-04-21 14:21:19.020317 UTC,2024-04-24 03:16:19.020317 UTC,1,2024-04-19 03:48:19.020317 UTC
117874,94495,Returned,2024-04-19 15:48:22.192646 UTC,2024-04-22 09:23:22.192646 UTC,2024-04-22 15:41:22.192646 UTC,1,2024-04-19 15:48:22.192646 UTC
205,179,Shipped,2024-04-19 11:57:24.051996 UTC,2024-04-20 00:59:24.051996 UTC,,2,2024-04-19 11:57:24.051996 UTC
557,459,Shipped,2024-04-19 08:44:31.999664 UTC,2024-04-20 19:22:31.999664 UTC,,1,2024-04-19 08:44:31.999664 UTC
1565,1303,Shipped,2024-04-19 00:03:00.000000 UTC,2024-04-21 04:54:00.000000 UTC,,1,2024-04-19 00:03:00.000000 UTC
1664,1378,Shipped,2024-04-19 12:17:57.245485 UTC,2024-04-21 10:17:57.245485 UTC,,4,2024-04-19 12:17:57.245485 UTC
3139,2535,Shipped,2024-04-19 09:24:27.532635 UTC,2024-04-20 08:41:27.532635 UTC,,1,2024-04-19 09:24:27.532635 UTC
3238,2624,Shipped,2024-04-19 14:01:00.000000 UTC,2024-04-21 13:52:00.000000 UTC,,2,2024-04-19 14:01:00.000000 UTC
6397,5186,Shipped,2024-04-19 10:33:00.000000 UTC,2024-04-20 17:41:00.000000 UTC,,1,2024-04-19 10:33:00.000000 UTC
8323,6747,Shipped,2024-04-19 02:26:19.412887 UTC,2024-04-21 21:44:19.412887 UTC,,1,2024-04-19 02:26:19.412887 UTC
9773,7938,Shipped,2024-04-19 18:51:50.237627 UTC,2024-04-20 06:41:50.237627 UTC,,1,2024-04-19 18:51:50.237627 UTC
11283,9154,Shipped,2024-04-19 00:52:21.766171 UTC,2024-04-21 05:52:21.766171 UTC,,1,2024-04-19 00:52:21.766171 UTC
11368,9210,Shipped,2024-04-19 05:11:23.227198 UTC,2024-04-21 23:01:23.227198 UTC,,1,2024-04-19 05:11:23.227198 UTC
12485,10140,Shipped,2024-04-19 05:27:48.927108 UTC,2024-04-20 14:53:48.927108 UTC,,1,2024-04-19 05:27:48.927108 UTC
14262,11563,Shipped,2024-04-19 05:27:30.792047 UTC,2024-04-19 21:24:30.792047 UTC,,1,2024-04-19 05:27:30.792047 UTC
15055,12165,Shipped,2024-04-19 12:01:46.431969 UTC,2024-04-21 07:25:46.431969 UTC,,2,2024-04-19 12:01:46.431969 UTC
15593,12601,Shipped,2024-04-19 06:38:57.770834 UTC,2024-04-20 11:57:57.770834 UTC,,2,2024-04-19 06:38:57.770834 UTC
15752,12727,Shipped,2024-04-19 10:43:01.074973 UTC,2024-04-21 03:15:01.074973 UTC,,3,2024-04-19 10:43:01.074973 UTC
16146,13044,Shipped,2024-04-19 16:43:09.343618 UTC,2024-04-21 11:50:09.343618 UTC,,1,2024-04-19 16:43:09.343618 UTC
16404,13238,Shipped,2024-04-19 01:39:14.493373 UTC,2024-04-19 20:33:14.493373 UTC,,1,2024-04-19 01:39:14.493373 UTC
16647,13431,Shipped,2024-04-19 04:52:19.489045 UTC,2024-04-21 16:01:19.489045 UTC,,1,2024-04-19 04:52:19.489045 UTC
17059,13762,Shipped,2024-04-19 10:03:00.000000 UTC,2024-04-21 22:02:00.000000 UTC,,2,2024-04-19 10:03:00.000000 UTC
22877,18385,Shipped,2024-04-19 14:03:30.082963 UTC,2024-04-21 11:45:30.082963 UTC,,1,2024-04-19 14:03:30.082963 UTC
24937,19968,Shipped,2024-04-19 00:47:00.000000 UTC,2024-04-21 21:41:00.000000 UTC,,1,2024-04-19 00:47:00.000000 UTC
25945,20788,Shipped,2024-04-19 06:42:00.000000 UTC,2024-04-20 12:43:00.000000 UTC,,3,2024-04-19 06:42:00.000000 UTC
26158,20969,Shipped,2024-04-19 01:37:41.068668 UTC,2024-04-20 01:17:41.068668 UTC,,1,2024-04-19 01:37:41.068668 UTC
29031,23294,Shipped,2024-04-19 14:35:43.392132 UTC,2024-04-19 23:02:43.392132 UTC,,1,2024-04-19 14:35:43.392132 UTC
34261,27462,Shipped,2024-04-19 06:07:35.045811 UTC,2024-04-19 13:30:35.045811 UTC,,1,2024-04-19 06:07:35.045811 UTC
34867,27931,Shipped,2024-04-19 06:21:47.775165 UTC,2024-04-21 21:35:47.775165 UTC,,1,2024-04-19 06:21:47.775165 UTC
37076,29700,Shipped,2024-04-19 06:06:35.250677 UTC,2024-04-21 08:34:35.250677 UTC,,1,2024-04-19 06:06:35.250677 UTC
38603,30932,Shipped,2024-04-19 12:17:08.503036 UTC,2024-04-20 00:15:08.503036 UTC,,2,2024-04-19 12:17:08.503036 UTC
42396,33983,Shipped,2024-04-19 01:58:47.252084 UTC,2024-04-19 11:34:47.252084 UTC,,1,2024-04-19 01:58:47.252084 UTC
44597,35765,Shipped,2024-04-19 15:15:34.727948 UTC,2024-04-22 00:22:34.727948 UTC,,1,2024-04-19 15:15:34.727948 UTC
45740,36718,Shipped,2024-04-19 16:19:59.627324 UTC,2024-04-19 19:50:59.627324 UTC,,1,2024-04-19 16:19:59.627324 UTC
47669,38262,Shipped,2024-04-19 12:56:41.084630 UTC,2024-04-21 23:18:41.084630 UTC,,2,2024-04-19 12:56:41.084630 UTC
55217,44276,Shipped,2024-04-19 18:41:16.528563 UTC,2024-04-21 21:07:16.528563 UTC,,1,2024-04-19 18:41:16.528563 UTC
56694,45433,Shipped,2024-04-19 11:24:46.423360 UTC,2024-04-19 19:45:46.423360 UTC,,1,2024-04-19 11:24:46.423360 UTC
56695,45433,Shipped,2024-04-19 11:24:46.423360 UTC,2024-04-21 10:25:46.423360 UTC,,3,2024-04-19 11:24:46.423360 UTC
56953,45634,Shipped,2024-04-19 15:36:51.678562 UTC,2024-04-21 05:11:51.678562 UTC,,1,2024-04-19 15:36:51.678562 UTC
57119,45777,Shipped,2024-04-19 12:55:55.321309 UTC,2024-04-20 08:47:55.321309 UTC,,1,2024-04-19 12:55:55.321309 UTC
58262,46635,Shipped,2024-04-19 17:21:17.522735 UTC,2024-04-20 21:26:17.522735 UTC,,1,2024-04-19 17:21:17.522735 UTC
61573,49329,Shipped,2024-04-19 06:01:27.218804 UTC,2024-04-21 13:50:27.218804 UTC,,1,2024-04-19 06:01:27.218804 UTC
65173,52159,Shipped,2024-04-19 09:35:00.000000 UTC,2024-04-19 16:25:00.000000 UTC,,1,2024-04-19 09:35:00.000000 UTC
69478,55590,Shipped,2024-04-19 00:11:00.000000 UTC,2024-04-19 01:11:00.000000 UTC,,1,2024-04-19 00:11:00.000000 UTC
70698,56546,Shipped,2024-04-19 09:21:35.843538 UTC,2024-04-21 22:16:35.843538 UTC,,1,2024-04-19 09:21:35.843538 UTC
70699,56546,Shipped,2024-04-19 09:21:35.843538 UTC,2024-04-20 18:02:35.843538 UTC,,1,2024-04-19 09:21:35.843538 UTC
71093,56873,Shipped,2024-04-19 07:26:00.000000 UTC,2024-04-21 12:11:00.000000 UTC,,2,2024-04-19 07:26:00.000000 UTC
71235,56990,Shipped,2024-04-19 14:05:06.020416 UTC,2024-04-21 10:00:06.020416 UTC,,1,2024-04-19 14:05:06.020416 UTC
71237,56990,Shipped,2024-04-19 14:05:06.020416 UTC,2024-04-22 12:14:06.020416 UTC,,1,2024-04-19 14:05:06.020416 UTC
73649,58943,Shipped,2024-04-19 01:22:00.834884 UTC,2024-04-21 16:28:00.834884 UTC,,1,2024-04-19 01:22:00.834884 UTC
74460,59588,Shipped,2024-04-19 16:21:00.000000 UTC,2024-04-21 05:07:00.000000 UTC,,1,2024-04-19 16:21:00.000000 UTC
77194,61727,Shipped,2024-04-19 06:31:13.063555 UTC,2024-04-20 09:11:13.063555 UTC,,1,2024-04-19 06:31:13.063555 UTC
77195,61727,Shipped,2024-04-19 06:31:13.063555 UTC,2024-04-20 15:47:13.063555 UTC,,1,2024-04-19 06:31:13.063555 UTC
77677,62093,Shipped,2024-04-19 13:20:22.778223 UTC,2024-04-20 22:52:22.778223 UTC,,2,2024-04-19 13:20:22.778223 UTC
79652,63666,Shipped,2024-04-19 11:25:03.816583 UTC,2024-04-21 04:26:03.816583 UTC,,2,2024-04-19 11:25:03.816583 UTC
79959,63894,Shipped,2024-04-19 12:09:09.700256 UTC,2024-04-22 05:44:09.700256 UTC,,1,2024-04-19 12:09:09.700256 UTC
81467,65144,Shipped,2024-04-19 09:55:41.888092 UTC,2024-04-21 14:29:41.888092 UTC,,4,2024-04-19 09:55:41.888092 UTC
83452,66743,Shipped,2024-04-19 00:56:23.452842 UTC,2024-04-21 14:01:23.452842 UTC,,1,2024-04-19 00:56:23.452842 UTC
83920,67130,Shipped,2024-04-19 02:33:33.585866 UTC,2024-04-19 20:00:33.585866 UTC,,1,2024-04-19 02:33:33.585866 UTC
84868,67880,Shipped,2024-04-19 01:12:52.965466 UTC,2024-04-19 04:58:52.965466 UTC,,2,2024-04-19 01:12:52.965466 UTC
88074,70444,Shipped,2024-04-19 06:45:59.557442 UTC,2024-04-21 17:29:59.557442 UTC,,3,2024-04-19 06:45:59.557442 UTC
90594,72454,Shipped,2024-04-19 04:49:51.109883 UTC,2024-04-22 00:18:51.109883 UTC,,1,2024-04-19 04:49:51.109883 UTC
91318,73033,Shipped,2024-04-19 19:10:05.919721 UTC,2024-04-21 17:50:05.919721 UTC,,1,2024-04-19 19:10:05.919721 UTC
91319,73033,Shipped,2024-04-19 19:10:05.919721 UTC,2024-04-22 07:20:05.919721 UTC,,2,2024-04-19 19:10:05.919721 UTC
92097,73668,Shipped,2024-04-19 00:59:22.330306 UTC,2024-04-20 20:01:22.330306 UTC,,2,2024-04-19 00:59:22.330306 UTC
92471,73969,Shipped,2024-04-19 18:15:30.031312 UTC,2024-04-20 19:27:30.031312 UTC,,1,2024-04-19 18:15:30.031312 UTC
93564,74865,Shipped,2024-04-19 13:30:52.829753 UTC,2024-04-21 11:59:52.829753 UTC,,2,2024-04-19 13:30:52.829753 UTC
96145,76909,Shipped,2024-04-19 07:13:46.036230 UTC,2024-04-21 01:53:46.036230 UTC,,2,2024-04-19 07:13:46.036230 UTC
96147,76909,Shipped,2024-04-19 07:13:46.036230 UTC,2024-04-20 14:01:46.036230 UTC,,2,2024-04-19 07:13:46.036230 UTC
97617,78110,Shipped,2024-04-19 01:41:17.220433 UTC,2024-04-19 04:44:17.220433 UTC,,1,2024-04-19 01:41:17.220433 UTC
98185,78561,Shipped,2024-04-19 06:01:28.833842 UTC,2024-04-21 13:03:28.833842 UTC,,1,2024-04-19 06:01:28.833842 UTC
98924,79173,Shipped,2024-04-19 06:51:44.729124 UTC,2024-04-20 16:41:44.729124 UTC,,2,2024-04-19 06:51:44.729124 UTC
102245,81805,Shipped,2024-04-19 14:09:52.743903 UTC,2024-04-22 13:06:52.743903 UTC,,1,2024-04-19 14:09:52.743903 UTC
102483,81983,Shipped,2024-04-19 14:47:57.283962 UTC,2024-04-21 15:44:57.283962 UTC,,1,2024-04-19 14:47:57.283962 UTC
102750,82224,Shipped,2024-04-19 10:29:00.000000 UTC,2024-04-20 13:20:00.000000 UTC,,1,2024-04-19 10:29:00.000000 UTC
104215,83468,Shipped,2024-04-19 05:28:35.474631 UTC,2024-04-22 03:19:35.474631 UTC,,1,2024-04-19 05:28:35.474631 UTC
106254,85125,Shipped,2024-04-19 05:14:18.093425 UTC,2024-04-21 14:30:18.093425 UTC,,1,2024-04-19 05:14:18.093425 UTC
108135,86552,Shipped,2024-04-19 13:15:00.000000 UTC,2024-04-22 07:48:00.000000 UTC,,1,2024-04-19 13:15:00.000000 UTC
108136,86552,Shipped,2024-04-19 13:15:00.000000 UTC,2024-04-20 01:02:00.000000 UTC,,1,2024-04-19 13:15:00.000000 UTC
110541,88512,Shipped,2024-04-19 19:15:47.510589 UTC,2024-04-20 23:23:47.510589 UTC,,1,2024-04-19 19:15:47.510589 UTC
111574,89388,Shipped,2024-04-19 11:05:10.022447 UTC,2024-04-20 01:44:10.022447 UTC,,1,2024-04-19 11:05:10.022447 UTC
113607,91013,Shipped,2024-04-19 14:39:52.199731 UTC,2024-04-21 16:56:52.199731 UTC,,1,2024-04-19 14:39:52.199731 UTC
114046,91363,Shipped,2024-04-19 15:58:01.259415 UTC,2024-04-19 23:12:01.259415 UTC,,1,2024-04-19 15:58:01.259415 UTC
115412,92480,Shipped,2024-04-19 14:44:29.875537 UTC,2024-04-22 03:11:29.875537 UTC,,1,2024-04-19 14:44:29.875537 UTC
117875,94495,Shipped,2024-04-19 15:48:22.192646 UTC,2024-04-22 14:29:22.192646 UTC,,3,2024-04-19 15:48:22.192646 UTC
117876,94495,Shipped,2024-04-19 15:48:22.192646 UTC,2024-04-20 00:43:22.192646 UTC,,3,2024-04-19 15:48:22.192646 UTC
119197,95539,Shipped,2024-04-19 07:08:50.001259 UTC,2024-04-20 04:22:50.001259 UTC,,2,2024-04-19 07:08:50.001259 UTC
120458,96573,Shipped,2024-04-19 03:55:18.719683 UTC,2024-04-21 17:47:18.719683 UTC,,1,2024-04-19 03:55:18.719683 UTC
121388,97317,Shipped,2024-04-19 16:06:38.348681 UTC,2024-04-20 14:13:38.348681 UTC,,1,2024-04-19 16:06:38.348681 UTC
122647,98314,Shipped,2024-04-19 15:22:04.087655 UTC,2024-04-19 19:07:04.087655 UTC,,2,2024-04-19 15:22:04.087655 UTC
3316,2677,Cancelled,2024-04-19 18:48:31.285081 UTC,,,1,2024-04-19 18:48:31.285081 UTC
12060,9763,Cancelled,2024-04-19 10:36:37.440778 UTC,,,1,2024-04-19 10:36:37.440778 UTC
13765,11155,Cancelled,2024-04-19 10:12:20.285710 UTC,,,2,2024-04-19 10:12:20.285710 UTC
21979,17678,Cancelled,2024-04-19 01:51:11.419546 UTC,,,2,2024-04-19 01:51:11.419546 UTC
22050,17732,Cancelled,2024-04-19 12:48:12.813988 UTC,,,1,2024-04-19 12:48:12.813988 UTC
23075,18546,Cancelled,2024-04-19 12:25:34.243199 UTC,,,1,2024-04-19 12:25:34.243199 UTC
29931,24016,Cancelled,2024-04-19 11:52:02.474940 UTC,,,1,2024-04-19 11:52:02.474940 UTC
32332,25912,Cancelled,2024-04-19 08:01:53.430427 UTC,,,2,2024-04-19 08:01:53.430427 UTC
33741,27045,Cancelled,2024-04-19 01:39:23.759948 UTC,,,1,2024-04-19 01:39:23.759948 UTC
34771,27855,Cancelled,2024-04-19 12:20:45.726660 UTC,,,2,2024-04-19 12:20:45.726660 UTC
37880,30348,Cancelled,2024-04-19 17:19:52.589228 UTC,,,2,2024-04-19 17:19:52.589228 UTC
42839,34354,Cancelled,2024-04-19 00:30:00.000000 UTC,,,1,2024-04-19 00:30:00.000000 UTC
48009,38529,Cancelled,2024-04-19 10:31:47.966076 UTC,,,1,2024-04-19 10:31:47.966076 UTC
49126,39448,Cancelled,2024-04-19 16:32:11.654117 UTC,,,1,2024-04-19 16:32:11.654117 UTC
49238,39533,Cancelled,2024-04-19 15:54:00.000000 UTC,,,1,2024-04-19 15:54:00.000000 UTC
49684,39879,Cancelled,2024-04-19 09:51:22.778748 UTC,,,1,2024-04-19 09:51:22.778748 UTC
55965,44862,Cancelled,2024-04-19 18:53:31.715506 UTC,,,1,2024-04-19 18:53:31.715506 UTC
58949,47179,Cancelled,2024-04-19 00:21:00.000000 UTC,,,1,2024-04-19 00:21:00.000000 UTC
62979,50465,Cancelled,2024-04-19 08:27:56.976667 UTC,,,1,2024-04-19 08:27:56.976667 UTC
66477,53183,Cancelled,2024-04-19 02:11:08.494247 UTC,,,1,2024-04-19 02:11:08.494247 UTC
66547,53238,Cancelled,2024-04-19 11:55:00.000000 UTC,,,2,2024-04-19 11:55:00.000000 UTC
69370,55500,Cancelled,2024-04-19 18:53:08.532998 UTC,,,1,2024-04-19 18:53:08.532998 UTC
69371,55500,Cancelled,2024-04-19 18:53:08.532998 UTC,,,1,2024-04-19 18:53:08.532998 UTC
69373,55500,Cancelled,2024-04-19 18:53:08.532998 UTC,,,1,2024-04-19 18:53:08.532998 UTC
79951,63888,Cancelled,2024-04-19 08:50:09.544858 UTC,,,1,2024-04-19 08:50:09.544858 UTC
82091,65629,Cancelled,2024-04-19 11:12:54.469806 UTC,,,2,2024-04-19 11:12:54.469806 UTC
82236,65757,Cancelled,2024-04-19 11:15:57.781840 UTC,,,4,2024-04-19 11:15:57.781840 UTC
83984,67180,Cancelled,2024-04-19 02:04:34.864068 UTC,,,1,2024-04-19 02:04:34.864068 UTC
97009,77596,Cancelled,2024-04-19 06:55:03.905706 UTC,,,4,2024-04-19 06:55:03.905706 UTC
98050,78452,Cancelled,2024-04-19 05:41:26.033939 UTC,,,1,2024-04-19 05:41:26.033939 UTC
99451,79598,Cancelled,2024-04-19 11:59:55.619547 UTC,,,1,2024-04-19 11:59:55.619547 UTC
100516,80453,Cancelled,2024-04-19 00:43:00.000000 UTC,,,2,2024-04-19 00:43:00.000000 UTC
104744,83889,Cancelled,2024-04-19 11:33:46.291840 UTC,,,1,2024-04-19 11:33:46.291840 UTC
107063,85740,Cancelled,2024-04-19 05:06:33.915461 UTC,,,1,2024-04-19 05:06:33.915461 UTC
111117,88984,Cancelled,2024-04-19 08:31:59.540169 UTC,,,2,2024-04-19 08:31:59.540169 UTC
112420,90037,Cancelled,2024-04-19 11:10:26.907464 UTC,,,1,2024-04-19 11:10:26.907464 UTC
112785,90338,Cancelled,2024-04-19 01:58:34.758723 UTC,,,1,2024-04-19 01:58:34.758723 UTC
113908,91270,Cancelled,2024-04-19 13:54:58.842575 UTC,,,1,2024-04-19 13:54:58.842575 UTC
115511,92554,Cancelled,2024-04-19 07:51:31.761432 UTC,,,1,2024-04-19 07:51:31.761432 UTC
116907,93702,Cancelled,2024-04-19 06:59:01.654576 UTC,,,1,2024-04-19 06:59:01.654576 UTC
120615,96699,Cancelled,2024-04-19 02:34:22.221638 UTC,,,1,2024-04-19 02:34:22.221638 UTC
120616,96699,Cancelled,2024-04-19 02:34:22.221638 UTC,,,1,2024-04-19 02:34:22.221638 UTC
123624,99111,Cancelled,2024-04-19 08:41:24.627606 UTC,,,1,2024-04-19 08:41:24.627606 UTC
420,349,Complete,2024-04-19 03:09:28.859955 UTC,2024-04-21 10:45:28.859955 UTC,2024-04-25 23:41:28.859955 UTC,1,2024-04-19 03:09:28.859955 UTC
543,449,Complete,2024-04-19 09:36:31.717114 UTC,2024-04-21 16:57:31.717114 UTC,2024-04-25 08:09:31.717114 UTC,1,2024-04-19 09:36:31.717114 UTC
2284,1856,Complete,2024-04-19 12:09:09.689233 UTC,2024-04-21 22:02:09.689233 UTC,2024-04-23 08:25:09.689233 UTC,2,2024-04-19 12:09:09.689233 UTC
5220,4220,Complete,2024-04-19 14:16:11.599591 UTC,2024-04-21 10:21:11.599591 UTC,2024-04-23 11:42:11.599591 UTC,2,2024-04-19 14:16:11.599591 UTC
5222,4220,Complete,2024-04-19 14:16:11.599591 UTC,2024-04-21 20:13:11.599591 UTC,2024-04-26 01:44:11.599591 UTC,1,2024-04-19 14:16:11.599591 UTC
6216,5034,Complete,2024-04-19 14:41:32.711543 UTC,2024-04-20 12:46:32.711543 UTC,2024-04-20 17:16:32.711543 UTC,1,2024-04-19 14:41:32.711543 UTC
6364,5159,Complete,2024-04-19 18:18:35.927304 UTC,2024-04-22 11:48:35.927304 UTC,2024-04-23 21:16:35.927304 UTC,1,2024-04-19 18:18:35.927304 UTC
7459,6064,Complete,2024-04-19 03:56:01.574828 UTC,2024-04-21 00:35:01.574828 UTC,2024-04-21 15:58:01.574828 UTC,1,2024-04-19 03:56:01.574828 UTC
7461,6064,Complete,2024-04-19 03:56:01.574828 UTC,2024-04-19 07:12:01.574828 UTC,2024-04-22 15:29:01.574828 UTC,1,2024-04-19 03:56:01.574828 UTC
10081,8199,Complete,2024-04-19 01:01:57.033013 UTC,2024-04-20 04:18:57.033013 UTC,2024-04-21 11:08:57.033013 UTC,4,2024-04-19 01:01:57.033013 UTC
12416,10065,Complete,2024-04-19 10:36:45.250644 UTC,2024-04-21 04:36:45.250644 UTC,2024-04-24 08:24:45.250644 UTC,1,2024-04-19 10:36:45.250644 UTC
13166,10664,Complete,2024-04-19 03:33:07.559089 UTC,2024-04-20 01:34:07.559089 UTC,2024-04-24 14:09:07.559089 UTC,1,2024-04-19 03:33:07.559089 UTC
14643,11845,Complete,2024-04-19 07:43:38.126340 UTC,2024-04-19 10:31:38.126340 UTC,2024-04-22 02:04:38.126340 UTC,1,2024-04-19 07:43:38.126340 UTC
15482,12501,Complete,2024-04-19 12:54:55.184641 UTC,2024-04-22 10:52:55.184641 UTC,2024-04-26 01:06:55.184641 UTC,2,2024-04-19 12:54:55.184641 UTC
20548,16559,Complete,2024-04-19 12:53:41.893694 UTC,2024-04-21 03:14:41.893694 UTC,2024-04-24 17:32:41.893694 UTC,1,2024-04-19 12:53:41.893694 UTC
26364,21144,Complete,2024-04-19 11:37:45.855135 UTC,2024-04-21 23:27:45.855135 UTC,2024-04-23 08:21:45.855135 UTC,1,2024-04-19 11:37:45.855135 UTC
29245,23467,Complete,2024-04-19 11:12:48.008870 UTC,2024-04-22 10:42:48.008870 UTC,2024-04-22 22:44:48.008870 UTC,4,2024-04-19 11:12:48.008870 UTC
29608,23757,Complete,2024-04-19 06:24:00.000000 UTC,2024-04-20 00:42:00.000000 UTC,2024-04-23 18:41:00.000000 UTC,2,2024-04-19 06:24:00.000000 UTC
29930,24016,Complete,2024-04-19 11:52:02.474940 UTC,2024-04-20 06:47:02.474940 UTC,2024-04-22 08:16:02.474940 UTC,1,2024-04-19 11:52:02.474940 UTC
29933,24016,Complete,2024-04-19 11:52:02.474940 UTC,2024-04-20 17:39:02.474940 UTC,2024-04-23 10:02:02.474940 UTC,1,2024-04-19 11:52:02.474940 UTC
32395,25962,Complete,2024-04-19 11:36:54.735470 UTC,2024-04-21 05:00:54.735470 UTC,2024-04-21 12:00:54.735470 UTC,1,2024-04-19 11:36:54.735470 UTC
34346,27531,Complete,2024-04-19 10:22:36.914666 UTC,2024-04-19 15:03:36.914666 UTC,2024-04-23 22:37:36.914666 UTC,1,2024-04-19 10:22:36.914666 UTC
37390,29951,Complete,2024-04-19 07:26:00.000000 UTC,2024-04-21 09:46:00.000000 UTC,2024-04-24 18:11:00.000000 UTC,1,2024-04-19 07:26:00.000000 UTC
38467,30819,Complete,2024-04-19 01:31:05.488831 UTC,2024-04-19 21:59:05.488831 UTC,2024-04-21 21:08:05.488831 UTC,1,2024-04-19 01:31:05.488831 UTC
38862,31163,Complete,2024-04-19 12:17:14.629610 UTC,2024-04-22 10:42:14.629610 UTC,2024-04-27 04:30:14.629610 UTC,4,2024-04-19 12:17:14.629610 UTC
40190,32205,Complete,2024-04-19 18:10:00.000000 UTC,2024-04-19 23:34:00.000000 UTC,2024-04-20 08:22:00.000000 UTC,1,2024-04-19 18:10:00.000000 UTC
40191,32205,Complete,2024-04-19 18:10:00.000000 UTC,2024-04-20 03:23:00.000000 UTC,2024-04-20 18:53:00.000000 UTC,1,2024-04-19 18:10:00.000000 UTC
41254,33068,Complete,2024-04-19 14:42:08.847228 UTC,2024-04-21 07:12:08.847228 UTC,2024-04-22 08:43:08.847228 UTC,1,2024-04-19 14:42:08.847228 UTC
41418,33208,Complete,2024-04-19 06:34:13.616712 UTC,2024-04-20 21:04:13.616712 UTC,2024-04-21 23:50:13.616712 UTC,1,2024-04-19 06:34:13.616712 UTC
43815,35137,Complete,2024-04-19 02:19:17.763543 UTC,2024-04-20 11:08:17.763543 UTC,2024-04-22 21:14:17.763543 UTC,1,2024-04-19 02:19:17.763543 UTC
43878,35193,Complete,2024-04-19 10:09:19.236772 UTC,2024-04-21 22:58:19.236772 UTC,2024-04-23 06:51:19.236772 UTC,2,2024-04-19 10:09:19.236772 UTC
44577,35749,Complete,2024-04-19 07:03:34.297698 UTC,2024-04-21 19:24:34.297698 UTC,2024-04-25 20:17:34.297698 UTC,1,2024-04-19 07:03:34.297698 UTC
44892,36007,Complete,2024-04-19 13:32:41.027234 UTC,2024-04-21 13:23:41.027234 UTC,2024-04-25 23:01:41.027234 UTC,1,2024-04-19 13:32:41.027234 UTC
44966,36080,Complete,2024-04-19 07:14:42.953709 UTC,2024-04-21 05:55:42.953709 UTC,2024-04-25 06:11:42.953709 UTC,3,2024-04-19 07:14:42.953709 UTC
45912,36844,Complete,2024-04-19 02:37:02.989124 UTC,2024-04-21 15:28:02.989124 UTC,2024-04-22 07:46:02.989124 UTC,2,2024-04-19 02:37:02.989124 UTC
48010,38529,Complete,2024-04-19 10:31:47.966076 UTC,2024-04-20 18:21:47.966076 UTC,2024-04-23 19:26:47.966076 UTC,1,2024-04-19 10:31:47.966076 UTC
49685,39879,Complete,2024-04-19 09:51:22.778748 UTC,2024-04-19 10:24:22.778748 UTC,2024-04-22 19:56:22.778748 UTC,1,2024-04-19 09:51:22.778748 UTC
53041,42547,Complete,2024-04-19 14:30:31.490093 UTC,2024-04-21 10:46:31.490093 UTC,2024-04-26 00:37:31.490093 UTC,1,2024-04-19 14:30:31.490093 UTC
54273,43536,Complete,2024-04-19 12:20:57.254030 UTC,2024-04-22 04:37:57.254030 UTC,2024-04-22 14:25:57.254030 UTC,2,2024-04-19 12:20:57.254030 UTC
55964,44862,Complete,2024-04-19 18:53:31.715506 UTC,2024-04-21 19:53:31.715506 UTC,2024-04-23 04:32:31.715506 UTC,1,2024-04-19 18:53:31.715506 UTC
58964,47185,Complete,2024-04-19 00:41:31.736577 UTC,2024-04-20 06:23:31.736577 UTC,2024-04-24 18:53:31.736577 UTC,1,2024-04-19 00:41:31.736577 UTC
60201,48216,Complete,2024-04-19 08:42:58.251141 UTC,2024-04-20 06:41:58.251141 UTC,2024-04-21 11:16:58.251141 UTC,1,2024-04-19 08:42:58.251141 UTC
61140,48965,Complete,2024-04-19 13:56:17.866368 UTC,2024-04-20 21:18:17.866368 UTC,2024-04-21 17:00:17.866368 UTC,2,2024-04-19 13:56:17.866368 UTC
61527,49280,Complete,2024-04-19 18:56:25.993077 UTC,2024-04-21 20:44:25.993077 UTC,2024-04-26 10:30:25.993077 UTC,1,2024-04-19 18:56:25.993077 UTC
62133,49781,Complete,2024-04-19 08:37:38.970741 UTC,2024-04-22 04:03:38.970741 UTC,2024-04-23 15:02:38.970741 UTC,1,2024-04-19 08:37:38.970741 UTC
62706,50240,Complete,2024-04-19 12:26:50.767835 UTC,2024-04-22 02:31:50.767835 UTC,2024-04-25 11:53:50.767835 UTC,1,2024-04-19 12:26:50.767835 UTC
66442,53156,Complete,2024-04-19 09:25:07.796350 UTC,2024-04-20 16:30:07.796350 UTC,2024-04-25 03:01:07.796350 UTC,1,2024-04-19 09:25:07.796350 UTC
66668,53333,Complete,2024-04-19 08:41:12.407974 UTC,2024-04-22 06:17:12.407974 UTC,2024-04-26 11:42:12.407974 UTC,1,2024-04-19 08:41:12.407974 UTC
69372,55500,Complete,2024-04-19 18:53:08.532998 UTC,2024-04-20 20:37:08.532998 UTC,2024-04-22 02:17:08.532998 UTC,1,2024-04-19 18:53:08.532998 UTC
70455,56351,Complete,2024-04-19 16:55:30.865781 UTC,2024-04-22 09:16:30.865781 UTC,2024-04-24 03:29:30.865781 UTC,1,2024-04-19 16:55:30.865781 UTC
70565,56428,Complete,2024-04-19 10:52:32.852983 UTC,2024-04-22 04:40:32.852983 UTC,2024-04-23 00:24:32.852983 UTC,1,2024-04-19 10:52:32.852983 UTC
78419,62681,Complete,2024-04-19 13:35:38.216941 UTC,2024-04-20 12:28:38.216941 UTC,2024-04-25 10:32:38.216941 UTC,1,2024-04-19 13:35:38.216941 UTC
80125,64038,Complete,2024-04-19 03:38:13.424273 UTC,2024-04-19 04:16:13.424273 UTC,2024-04-20 09:33:13.424273 UTC,1,2024-04-19 03:38:13.424273 UTC
81593,65250,Complete,2024-04-19 15:30:44.591472 UTC,2024-04-22 01:53:44.591472 UTC,2024-04-25 00:08:44.591472 UTC,2,2024-04-19 15:30:44.591472 UTC
84916,67918,Complete,2024-04-19 10:30:53.937822 UTC,2024-04-20 18:57:53.937822 UTC,2024-04-23 14:35:53.937822 UTC,1,2024-04-19 10:30:53.937822 UTC
91751,73384,Complete,2024-04-19 04:44:00.000000 UTC,2024-04-21 22:03:00.000000 UTC,2024-04-23 20:58:00.000000 UTC,2,2024-04-19 04:44:00.000000 UTC
93143,74533,Complete,2024-04-19 12:06:44.299645 UTC,2024-04-21 13:09:44.299645 UTC,2024-04-23 12:26:44.299645 UTC,1,2024-04-19 12:06:44.299645 UTC
95470,76363,Complete,2024-04-19 01:41:31.713504 UTC,2024-04-20 14:46:31.713504 UTC,2024-04-23 17:25:31.713504 UTC,3,2024-04-19 01:41:31.713504 UTC
95471,76363,Complete,2024-04-19 01:41:31.713504 UTC,2024-04-20 23:03:31.713504 UTC,2024-04-24 21:02:31.713504 UTC,1,2024-04-19 01:41:31.713504 UTC
96472,77175,Complete,2024-04-19 12:46:52.997540 UTC,2024-04-19 12:54:52.997540 UTC,2024-04-23 22:01:52.997540 UTC,2,2024-04-19 12:46:52.997540 UTC
97008,77596,Complete,2024-04-19 06:55:03.905706 UTC,2024-04-21 23:58:03.905706 UTC,2024-04-25 19:50:03.905706 UTC,1,2024-04-19 06:55:03.905706 UTC
97011,77596,Complete,2024-04-19 06:55:03.905706 UTC,2024-04-21 15:19:03.905706 UTC,2024-04-25 01:13:03.905706 UTC,1,2024-04-19 06:55:03.905706 UTC
97725,78203,Complete,2024-04-19 02:52:19.633995 UTC,2024-04-20 15:35:19.633995 UTC,2024-04-24 20:43:19.633995 UTC,1,2024-04-19 02:52:19.633995 UTC
101415,81160,Complete,2024-04-19 06:07:36.159146 UTC,2024-04-21 19:36:36.159146 UTC,2024-04-23 04:33:36.159146 UTC,1,2024-04-19 06:07:36.159146 UTC
101416,81160,Complete,2024-04-19 06:07:36.159146 UTC,2024-04-21 11:51:36.159146 UTC,2024-04-21 15:00:36.159146 UTC,1,2024-04-19 06:07:36.159146 UTC
101452,81195,Complete,2024-04-19 04:22:00.000000 UTC,2024-04-21 07:29:00.000000 UTC,2024-04-22 12:50:00.000000 UTC,1,2024-04-19 04:22:00.000000 UTC
101968,81578,Complete,2024-04-19 05:20:46.992076 UTC,2024-04-21 01:04:46.992076 UTC,2024-04-22 16:09:46.992076 UTC,1,2024-04-19 05:20:46.992076 UTC
102356,81893,Complete,2024-04-19 09:01:54.951889 UTC,2024-04-21 16:14:54.951889 UTC,2024-04-23 21:54:54.951889 UTC,2,2024-04-19 09:01:54.951889 UTC
102357,81893,Complete,2024-04-19 09:01:54.951889 UTC,2024-04-19 12:38:54.951889 UTC,2024-04-20 00:01:54.951889 UTC,1,2024-04-19 09:01:54.951889 UTC
104907,84023,Complete,2024-04-19 09:06:49.777703 UTC,2024-04-19 12:09:49.777703 UTC,2024-04-23 11:15:49.777703 UTC,2,2024-04-19 09:06:49.777703 UTC
105983,84909,Complete,2024-04-19 01:18:12.572033 UTC,2024-04-20 09:06:12.572033 UTC,2024-04-22 18:45:12.572033 UTC,1,2024-04-19 01:18:12.572033 UTC
110927,88817,Complete,2024-04-19 10:51:55.225258 UTC,2024-04-21 00:36:55.225258 UTC,2024-04-22 04:47:55.225258 UTC,1,2024-04-19 10:51:55.225258 UTC
116422,93303,Complete,2024-04-19 07:20:51.315263 UTC,2024-04-22 01:08:51.315263 UTC,2024-04-23 08:01:51.315263 UTC,1,2024-04-19 07:20:51.315263 UTC
119585,95839,Complete,2024-04-19 06:04:58.452372 UTC,2024-04-20 08:13:58.452372 UTC,2024-04-22 12:15:58.452372 UTC,1,2024-04-19 06:04:58.452372 UTC
119629,95881,Complete,2024-04-19 15:19:59.597645 UTC,2024-04-19 19:21:59.597645 UTC,2024-04-24 16:52:59.597645 UTC,1,2024-04-19 15:19:59.597645 UTC
120548,96640,Complete,2024-04-19 00:22:00.000000 UTC,2024-04-19 01:26:00.000000 UTC,2024-04-23 09:53:00.000000 UTC,1,2024-04-19 00:22:00.000000 UTC
120894,96909,Complete,2024-04-19 09:46:27.984576 UTC,2024-04-20 22:34:27.984576 UTC,2024-04-23 14:09:27.984576 UTC,1,2024-04-19 09:46:27.984576 UTC
121461,97381,Complete,2024-04-19 07:10:39.959723 UTC,2024-04-19 11:00:39.959723 UTC,2024-04-22 03:29:39.959723 UTC,1,2024-04-19 07:10:39.959723 UTC
121532,97423,Complete,2024-04-19 18:58:41.077659 UTC,2024-04-20 22:16:41.077659 UTC,2024-04-23 18:05:41.077659 UTC,1,2024-04-19 18:58:41.077659 UTC
122761,98398,Complete,2024-04-19 05:46:06.271566 UTC,2024-04-19 21:56:06.271566 UTC,2024-04-24 10:25:06.271566 UTC,1,2024-04-19 05:46:06.271566 UTC
123424,98956,Complete,2024-04-19 10:57:20.610784 UTC,2024-04-21 22:46:20.610784 UTC,2024-04-23 06:24:20.610784 UTC,1,2024-04-19 10:57:20.610784 UTC
123425,98956,Complete,2024-04-19 10:57:20.610784 UTC,2024-04-20 07:22:20.610784 UTC,2024-04-24 01:58:20.610784 UTC,1,2024-04-19 10:57:20.610784 UTC
123625,99111,Complete,2024-04-19 08:41:24.627606 UTC,2024-04-19 18:19:24.627606 UTC,2024-04-23 22:26:24.627606 UTC,3,2024-04-19 08:41:24.627606 UTC
419,349,Processing,2024-04-19 03:09:28.859955 UTC,,,2,2024-04-19 03:09:28.859955 UTC
421,349,Processing,2024-04-19 03:09:28.859955 UTC,,,2,2024-04-19 03:09:28.859955 UTC
790,660,Processing,2024-04-19 05:10:37.637999 UTC,,,1,2024-04-19 05:10:37.637999 UTC
1801,1482,Processing,2024-04-19 04:28:59.987506 UTC,,,1,2024-04-19 04:28:59.987506 UTC
6447,5225,Processing,2024-04-19 15:01:37.652027 UTC,,,1,2024-04-19 15:01:37.652027 UTC
7458,6064,Processing,2024-04-19 03:56:01.574828 UTC,,,1,2024-04-19 03:56:01.574828 UTC
8856,7194,Processing,2024-04-19 18:49:31.046863 UTC,,,1,2024-04-19 18:49:31.046863 UTC
11222,9111,Processing,2024-04-19 16:37:20.644561 UTC,,,1,2024-04-19 16:37:20.644561 UTC
11223,9111,Processing,2024-04-19 16:37:20.644561 UTC,,,1,2024-04-19 16:37:20.644561 UTC
12058,9763,Processing,2024-04-19 10:36:37.440778 UTC,,,1,2024-04-19 10:36:37.440778 UTC
12059,9763,Processing,2024-04-19 10:36:37.440778 UTC,,,1,2024-04-19 10:36:37.440778 UTC
12061,9763,Processing,2024-04-19 10:36:37.440778 UTC,,,2,2024-04-19 10:36:37.440778 UTC
22051,17732,Processing,2024-04-19 12:48:12.813988 UTC,,,1,2024-04-19 12:48:12.813988 UTC
28822,23129,Processing,2024-04-19 10:00:38.828821 UTC,,,1,2024-04-19 10:00:38.828821 UTC
29932,24016,Processing,2024-04-19 11:52:02.474940 UTC,,,1,2024-04-19 11:52:02.474940 UTC
33667,26992,Processing,2024-04-19 05:41:22.362925 UTC,,,1,2024-04-19 05:41:22.362925 UTC
35707,28594,Processing,2024-04-19 12:54:05.649168 UTC,,,2,2024-04-19 12:54:05.649168 UTC
35782,28656,Processing,2024-04-19 02:54:07.292847 UTC,,,2,2024-04-19 02:54:07.292847 UTC
36610,29322,Processing,2024-04-19 09:04:25.176124 UTC,,,1,2024-04-19 09:04:25.176124 UTC
37614,30132,Processing,2024-04-19 01:02:46.801238 UTC,,,1,2024-04-19 01:02:46.801238 UTC
38860,31163,Processing,2024-04-19 12:17:14.629610 UTC,,,3,2024-04-19 12:17:14.629610 UTC
40189,32205,Processing,2024-04-19 18:10:00.000000 UTC,,,1,2024-04-19 18:10:00.000000 UTC
41348,33151,Processing,2024-04-19 02:00:11.488358 UTC,,,2,2024-04-19 02:00:11.488358 UTC
42832,34348,Processing,2024-04-19 18:49:56.805632 UTC,,,1,2024-04-19 18:49:56.805632 UTC
43062,34540,Processing,2024-04-19 15:41:01.965825 UTC,,,1,2024-04-19 15:41:01.965825 UTC
43879,35193,Processing,2024-04-19 10:09:19.236772 UTC,,,2,2024-04-19 10:09:19.236772 UTC
44080,35333,Processing,2024-04-19 00:24:23.076715 UTC,,,2,2024-04-19 00:24:23.076715 UTC
45649,36645,Processing,2024-04-19 02:28:00.000000 UTC,,,2,2024-04-19 02:28:00.000000 UTC
48011,38529,Processing,2024-04-19 10:31:47.966076 UTC,,,2,2024-04-19 10:31:47.966076 UTC
49125,39448,Processing,2024-04-19 16:32:11.654117 UTC,,,1,2024-04-19 16:32:11.654117 UTC
49598,39805,Processing,2024-04-19 11:46:20.882013 UTC,,,1,2024-04-19 11:46:20.882013 UTC
50887,40809,Processing,2024-04-19 07:08:46.783278 UTC,,,1,2024-04-19 07:08:46.783278 UTC
54438,43673,Processing,2024-04-19 03:45:00.814300 UTC,,,1,2024-04-19 03:45:00.814300 UTC
55508,44512,Processing,2024-04-19 15:03:22.628456 UTC,,,1,2024-04-19 15:03:22.628456 UTC
58963,47185,Processing,2024-04-19 00:41:31.736577 UTC,,,1,2024-04-19 00:41:31.736577 UTC
60202,48217,Processing,2024-04-19 01:45:58.276609 UTC,,,2,2024-04-19 01:45:58.276609 UTC
61139,48965,Processing,2024-04-19 13:56:17.866368 UTC,,,1,2024-04-19 13:56:17.866368 UTC
62707,50240,Processing,2024-04-19 12:26:50.767835 UTC,,,3,2024-04-19 12:26:50.767835 UTC
66667,53333,Processing,2024-04-19 08:41:12.407974 UTC,,,1,2024-04-19 08:41:12.407974 UTC
69098,55281,Processing,2024-04-19 00:17:00.000000 UTC,,,1,2024-04-19 00:17:00.000000 UTC
70564,56428,Processing,2024-04-19 10:52:32.852983 UTC,,,4,2024-04-19 10:52:32.852983 UTC
72671,58138,Processing,2024-04-19 02:25:39.812166 UTC,,,1,2024-04-19 02:25:39.812166 UTC
75955,60756,Processing,2024-04-19 18:44:47.767851 UTC,,,1,2024-04-19 18:44:47.767851 UTC
78417,62681,Processing,2024-04-19 13:35:38.216941 UTC,,,1,2024-04-19 13:35:38.216941 UTC
78418,62681,Processing,2024-04-19 13:35:38.216941 UTC,,,1,2024-04-19 13:35:38.216941 UTC
78420,62681,Processing,2024-04-19 13:35:38.216941 UTC,,,2,2024-04-19 13:35:38.216941 UTC
81684,65324,Processing,2024-04-19 18:19:46.510354 UTC,,,1,2024-04-19 18:19:46.510354 UTC
82546,66015,Processing,2024-04-19 16:06:04.534767 UTC,,,1,2024-04-19 16:06:04.534767 UTC
84917,67918,Processing,2024-04-19 10:30:53.937822 UTC,,,1,2024-04-19 10:30:53.937822 UTC
89136,71327,Processing,2024-04-19 16:09:00.000000 UTC,,,1,2024-04-19 16:09:00.000000 UTC
89137,71327,Processing,2024-04-19 16:09:00.000000 UTC,,,1,2024-04-19 16:09:00.000000 UTC
91223,72946,Processing,2024-04-19 18:10:03.685726 UTC,,,2,2024-04-19 18:10:03.685726 UTC
91376,73079,Processing,2024-04-19 00:50:07.135273 UTC,,,2,2024-04-19 00:50:07.135273 UTC
91479,73160,Processing,2024-04-19 16:33:00.000000 UTC,,,4,2024-04-19 16:33:00.000000 UTC
93740,75005,Processing,2024-04-19 11:28:56.509309 UTC,,,1,2024-04-19 11:28:56.509309 UTC
94790,75818,Processing,2024-04-19 06:59:17.763985 UTC,,,1,2024-04-19 06:59:17.763985 UTC
96344,77062,Processing,2024-04-19 11:37:50.111133 UTC,,,2,2024-04-19 11:37:50.111133 UTC
97552,78055,Processing,2024-04-19 07:52:15.788624 UTC,,,1,2024-04-19 07:52:15.788624 UTC
101453,81195,Processing,2024-04-19 04:22:00.000000 UTC,,,1,2024-04-19 04:22:00.000000 UTC
101454,81195,Processing,2024-04-19 04:22:00.000000 UTC,,,1,2024-04-19 04:22:00.000000 UTC
102645,82128,Processing,2024-04-19 15:32:01.020235 UTC,,,2,2024-04-19 15:32:01.020235 UTC
105663,84642,Processing,2024-04-19 00:06:00.000000 UTC,,,2,2024-04-19 00:06:00.000000 UTC
107064,85740,Processing,2024-04-19 05:06:33.915461 UTC,,,1,2024-04-19 05:06:33.915461 UTC
107065,85740,Processing,2024-04-19 05:06:33.915461 UTC,,,1,2024-04-19 05:06:33.915461 UTC
113909,91270,Processing,2024-04-19 13:54:58.842575 UTC,,,2,2024-04-19 13:54:58.842575 UTC
123423,98956,Processing,2024-04-19 10:57:20.610784 UTC,,,2,2024-04-19 10:57:20.610784 UTC
791,660,Returned,2024-04-19 05:10:37.637999 UTC,2024-04-19 19:33:37.637999 UTC,2024-04-20 17:01:37.637999 UTC,1,2024-04-19 05:10:37.637999 UTC
6186,5013,Returned,2024-04-19 04:23:32.172996 UTC,2024-04-22 02:40:32.172996 UTC,2024-04-26 11:38:32.172996 UTC,1,2024-04-19 04:23:32.172996 UTC
8857,7194,Returned,2024-04-19 18:49:31.046863 UTC,2024-04-22 05:26:31.046863 UTC,2024-04-25 03:51:31.046863 UTC,1,2024-04-19 18:49:31.046863 UTC
8858,7194,Returned,2024-04-19 18:49:31.046863 UTC,2024-04-20 20:15:31.046863 UTC,2024-04-21 01:13:31.046863 UTC,1,2024-04-19 18:49:31.046863 UTC
10982,8909,Returned,2024-04-19 18:01:15.446812 UTC,2024-04-19 19:19:15.446812 UTC,2024-04-24 17:15:15.446812 UTC,2,2024-04-19 18:01:15.446812 UTC
12014,9739,Returned,2024-04-19 16:20:36.795689 UTC,2024-04-21 05:50:36.795689 UTC,2024-04-23 09:29:36.795689 UTC,1,2024-04-19 16:20:36.795689 UTC
12364,10026,Returned,2024-04-19 05:49:44.243590 UTC,2024-04-20 10:29:44.243590 UTC,2024-04-21 19:57:44.243590 UTC,1,2024-04-19 05:49:44.243590 UTC
38861,31163,Returned,2024-04-19 12:17:14.629610 UTC,2024-04-20 01:52:14.629610 UTC,2024-04-23 04:41:14.629610 UTC,1,2024-04-19 12:17:14.629610 UTC
40192,32205,Returned,2024-04-19 18:10:00.000000 UTC,2024-04-22 14:01:00.000000 UTC,2024-04-25 15:30:00.000000 UTC,1,2024-04-19 18:10:00.000000 UTC
41046,32895,Returned,2024-04-19 03:56:03.594812 UTC,2024-04-20 00:31:03.594812 UTC,2024-04-23 23:44:03.594812 UTC,2,2024-04-19 03:56:03.594812 UTC
44081,35333,Returned,2024-04-19 00:24:23.076715 UTC,2024-04-21 05:35:23.076715 UTC,2024-04-25 01:15:23.076715 UTC,1,2024-04-19 00:24:23.076715 UTC
45911,36844,Returned,2024-04-19 02:37:02.989124 UTC,2024-04-22 01:16:02.989124 UTC,2024-04-24 12:22:02.989124 UTC,1,2024-04-19 02:37:02.989124 UTC
54272,43536,Returned,2024-04-19 12:20:57.254030 UTC,2024-04-20 06:11:57.254030 UTC,2024-04-21 15:44:57.254030 UTC,1,2024-04-19 12:20:57.254030 UTC
54628,43821,Returned,2024-04-19 02:11:04.630581 UTC,2024-04-21 01:50:04.630581 UTC,2024-04-23 05:22:04.630581 UTC,1,2024-04-19 02:11:04.630581 UTC
56706,45445,Returned,2024-04-19 05:28:46.727120 UTC,2024-04-22 00:01:46.727120 UTC,2024-04-25 15:15:46.727120 UTC,4,2024-04-19 05:28:46.727120 UTC
65099,52096,Returned,2024-04-19 12:05:39.884014 UTC,2024-04-22 11:40:39.884014 UTC,2024-04-24 12:10:39.884014 UTC,2,2024-04-19 12:05:39.884014 UTC
69470,55582,Returned,2024-04-19 04:43:00.000000 UTC,2024-04-20 10:21:00.000000 UTC,2024-04-22 01:07:00.000000 UTC,1,2024-04-19 04:43:00.000000 UTC
72672,58138,Returned,2024-04-19 02:25:39.812166 UTC,2024-04-21 04:10:39.812166 UTC,2024-04-23 12:20:39.812166 UTC,1,2024-04-19 02:25:39.812166 UTC
78671,62875,Returned,2024-04-19 18:40:43.318998 UTC,2024-04-20 05:41:43.318998 UTC,2024-04-21 03:00:43.318998 UTC,1,2024-04-19 18:40:43.318998 UTC
91378,73079,Returned,2024-04-19 00:50:07.135273 UTC,2024-04-21 20:57:07.135273 UTC,2024-04-25 14:35:07.135273 UTC,1,2024-04-19 00:50:07.135273 UTC
96343,77062,Returned,2024-04-19 11:37:50.111133 UTC,2024-04-20 22:31:50.111133 UTC,2024-04-25 15:57:50.111133 UTC,1,2024-04-19 11:37:50.111133 UTC
98826,79085,Returned,2024-04-19 03:27:42.484956 UTC,2024-04-19 23:29:42.484956 UTC,2024-04-21 15:55:42.484956 UTC,2,2024-04-19 03:27:42.484956 UTC
103811,83118,Returned,2024-04-19 05:50:26.486553 UTC,2024-04-22 04:03:26.486553 UTC,2024-04-24 07:38:26.486553 UTC,2,2024-04-19 05:50:26.486553 UTC
105984,84909,Returned,2024-04-19 01:18:12.572033 UTC,2024-04-21 07:45:12.572033 UTC,2024-04-23 04:23:12.572033 UTC,1,2024-04-19 01:18:12.572033 UTC
107062,85740,Returned,2024-04-19 05:06:33.915461 UTC,2024-04-20 02:09:33.915461 UTC,2024-04-22 23:25:33.915461 UTC,1,2024-04-19 05:06:33.915461 UTC
107376,85971,Returned,2024-04-19 12:25:39.957208 UTC,2024-04-20 14:55:39.957208 UTC,2024-04-21 16:51:39.957208 UTC,1,2024-04-19 12:25:39.957208 UTC
110928,88817,Returned,2024-04-19 10:51:55.225258 UTC,2024-04-19 16:28:55.225258 UTC,2024-04-21 10:06:55.225258 UTC,1,2024-04-19 10:51:55.225258 UTC
112449,90059,Returned,2024-04-19 00:38:00.000000 UTC,2024-04-21 10:22:00.000000 UTC,2024-04-25 04:02:00.000000 UTC,1,2024-04-19 00:38:00.000000 UTC
115512,92554,Returned,2024-04-19 07:51:31.761432 UTC,2024-04-19 12:10:31.761432 UTC,2024-04-22 19:55:31.761432 UTC,1,2024-04-19 07:51:31.761432 UTC
119586,95839,Returned,2024-04-19 06:04:58.452372 UTC,2024-04-21 06:49:58.452372 UTC,2024-04-21 12:57:58.452372 UTC,2,2024-04-19 06:04:58.452372 UTC
667,551,Shipped,2024-04-19 01:56:00.000000 UTC,2024-04-19 09:16:00.000000 UTC,,1,2024-04-19 01:56:00.000000 UTC
1800,1482,Shipped,2024-04-19 04:28:59.987506 UTC,2024-04-21 14:22:59.987506 UTC,,1,2024-04-19 04:28:59.987506 UTC
2924,2359,Shipped,2024-04-19 15:08:22.890779 UTC,2024-04-20 20:34:22.890779 UTC,,4,2024-04-19 15:08:22.890779 UTC
5221,4220,Shipped,2024-04-19 14:16:11.599591 UTC,2024-04-20 20:28:11.599591 UTC,,1,2024-04-19 14:16:11.599591 UTC
7460,6064,Shipped,2024-04-19 03:56:01.574828 UTC,2024-04-21 23:16:01.574828 UTC,,1,2024-04-19 03:56:01.574828 UTC
8859,7194,Shipped,2024-04-19 18:49:31.046863 UTC,2024-04-19 23:17:31.046863 UTC,,2,2024-04-19 18:49:31.046863 UTC
9852,7993,Shipped,2024-04-19 13:43:51.691043 UTC,2024-04-20 07:35:51.691043 UTC,,1,2024-04-19 13:43:51.691043 UTC
11224,9111,Shipped,2024-04-19 16:37:20.644561 UTC,2024-04-20 05:50:20.644561 UTC,,2,2024-04-19 16:37:20.644561 UTC
12660,10270,Shipped,2024-04-19 14:02:52.346842 UTC,2024-04-19 14:38:52.346842 UTC,,3,2024-04-19 14:02:52.346842 UTC
13165,10664,Shipped,2024-04-19 03:33:07.559089 UTC,2024-04-20 11:09:07.559089 UTC,,1,2024-04-19 03:33:07.559089 UTC
13764,11155,Shipped,2024-04-19 10:12:20.285710 UTC,2024-04-20 10:35:20.285710 UTC,,1,2024-04-19 10:12:20.285710 UTC
13824,11199,Shipped,2024-04-19 15:43:21.439464 UTC,2024-04-20 01:16:21.439464 UTC,,1,2024-04-19 15:43:21.439464 UTC
15481,12501,Shipped,2024-04-19 12:54:55.184641 UTC,2024-04-22 01:06:55.184641 UTC,,1,2024-04-19 12:54:55.184641 UTC
17523,14103,Shipped,2024-04-19 01:14:37.169557 UTC,2024-04-19 19:21:37.169557 UTC,,2,2024-04-19 01:14:37.169557 UTC
17524,14103,Shipped,2024-04-19 01:14:37.169557 UTC,2024-04-21 17:41:37.169557 UTC,,2,2024-04-19 01:14:37.169557 UTC
20080,16168,Shipped,2024-04-19 08:33:00.000000 UTC,2024-04-20 23:56:00.000000 UTC,,3,2024-04-19 08:33:00.000000 UTC
22291,17930,Shipped,2024-04-19 13:33:17.961972 UTC,2024-04-20 15:16:17.961972 UTC,,4,2024-04-19 13:33:17.961972 UTC
23183,18623,Shipped,2024-04-19 15:02:36.250690 UTC,2024-04-20 18:25:36.250690 UTC,,1,2024-04-19 15:02:36.250690 UTC
32396,25962,Shipped,2024-04-19 11:36:54.735470 UTC,2024-04-21 04:08:54.735470 UTC,,1,2024-04-19 11:36:54.735470 UTC
33666,26992,Shipped,2024-04-19 05:41:22.362925 UTC,2024-04-21 12:09:22.362925 UTC,,1,2024-04-19 05:41:22.362925 UTC
36605,29319,Shipped,2024-04-19 14:51:25.095017 UTC,2024-04-21 21:24:25.095017 UTC,,2,2024-04-19 14:51:25.095017 UTC
38648,30977,Shipped,2024-04-19 03:03:09.678556 UTC,2024-04-20 15:46:09.678556 UTC,,1,2024-04-19 03:03:09.678556 UTC
41255,33068,Shipped,2024-04-19 14:42:08.847228 UTC,2024-04-20 14:00:08.847228 UTC,,2,2024-04-19 14:42:08.847228 UTC
41947,33624,Shipped,2024-04-19 07:36:37.481114 UTC,2024-04-20 08:52:37.481114 UTC,,2,2024-04-19 07:36:37.481114 UTC
42831,34348,Shipped,2024-04-19 18:49:56.805632 UTC,2024-04-21 02:31:56.805632 UTC,,1,2024-04-19 18:49:56.805632 UTC
43061,34540,Shipped,2024-04-19 15:41:01.965825 UTC,2024-04-20 08:14:01.965825 UTC,,1,2024-04-19 15:41:01.965825 UTC
43063,34540,Shipped,2024-04-19 15:41:01.965825 UTC,2024-04-21 23:02:01.965825 UTC,,1,2024-04-19 15:41:01.965825 UTC
43064,34540,Shipped,2024-04-19 15:41:01.965825 UTC,2024-04-20 21:30:01.965825 UTC,,1,2024-04-19 15:41:01.965825 UTC
47861,38415,Shipped,2024-04-19 15:24:45.013469 UTC,2024-04-22 00:10:45.013469 UTC,,1,2024-04-19 15:24:45.013469 UTC
48008,38529,Shipped,2024-04-19 10:31:47.966076 UTC,2024-04-20 21:08:47.966076 UTC,,1,2024-04-19 10:31:47.966076 UTC
50495,40527,Shipped,2024-04-19 02:21:39.461956 UTC,2024-04-19 17:37:39.461956 UTC,,1,2024-04-19 02:21:39.461956 UTC
50799,40746,Shipped,2024-04-19 00:05:00.000000 UTC,2024-04-20 20:36:00.000000 UTC,,1,2024-04-19 00:05:00.000000 UTC
53042,42547,Shipped,2024-04-19 14:30:31.490093 UTC,2024-04-19 19:32:31.490093 UTC,,2,2024-04-19 14:30:31.490093 UTC
54271,43536,Shipped,2024-04-19 12:20:57.254030 UTC,2024-04-21 20:26:57.254030 UTC,,1,2024-04-19 12:20:57.254030 UTC
60203,48217,Shipped,2024-04-19 01:45:58.276609 UTC,2024-04-20 01:37:58.276609 UTC,,2,2024-04-19 01:45:58.276609 UTC
62705,50240,Shipped,2024-04-19 12:26:50.767835 UTC,2024-04-20 02:52:50.767835 UTC,,1,2024-04-19 12:26:50.767835 UTC
66441,53156,Shipped,2024-04-19 09:25:07.796350 UTC,2024-04-19 23:29:07.796350 UTC,,2,2024-04-19 09:25:07.796350 UTC
66476,53183,Shipped,2024-04-19 02:11:08.494247 UTC,2024-04-20 19:30:08.494247 UTC,,1,2024-04-19 02:11:08.494247 UTC
67247,53823,Shipped,2024-04-19 10:32:25.083685 UTC,2024-04-21 06:47:25.083685 UTC,,1,2024-04-19 10:32:25.083685 UTC
67341,53893,Shipped,2024-04-19 14:37:26.867214 UTC,2024-04-20 08:09:26.867214 UTC,,1,2024-04-19 14:37:26.867214 UTC
68589,54884,Shipped,2024-04-19 13:34:52.410784 UTC,2024-04-19 23:42:52.410784 UTC,,2,2024-04-19 13:34:52.410784 UTC
70190,56140,Shipped,2024-04-19 10:55:00.000000 UTC,2024-04-21 05:27:00.000000 UTC,,2,2024-04-19 10:55:00.000000 UTC
72098,57674,Shipped,2024-04-19 04:33:27.653860 UTC,2024-04-20 06:21:27.653860 UTC,,1,2024-04-19 04:33:27.653860 UTC
72411,57920,Shipped,2024-04-19 18:30:34.137039 UTC,2024-04-20 05:04:34.137039 UTC,,1,2024-04-19 18:30:34.137039 UTC
73714,59004,Shipped,2024-04-19 08:20:02.359196 UTC,2024-04-19 14:22:02.359196 UTC,,1,2024-04-19 08:20:02.359196 UTC
75247,60201,Shipped,2024-04-19 06:05:33.347095 UTC,2024-04-21 03:22:33.347095 UTC,,1,2024-04-19 06:05:33.347095 UTC
75248,60201,Shipped,2024-04-19 06:05:33.347095 UTC,2024-04-19 22:20:33.347095 UTC,,1,2024-04-19 06:05:33.347095 UTC
76164,60925,Shipped,2024-04-19 06:27:52.176918 UTC,2024-04-22 04:52:52.176918 UTC,,4,2024-04-19 06:27:52.176918 UTC
78990,63141,Shipped,2024-04-19 01:17:50.269744 UTC,2024-04-19 10:07:50.269744 UTC,,1,2024-04-19 01:17:50.269744 UTC
80006,63941,Shipped,2024-04-19 06:45:10.887276 UTC,2024-04-19 20:38:10.887276 UTC,,3,2024-04-19 06:45:10.887276 UTC
80007,63941,Shipped,2024-04-19 06:45:10.887276 UTC,2024-04-21 17:47:10.887276 UTC,,1,2024-04-19 06:45:10.887276 UTC
80942,64699,Shipped,2024-04-19 03:02:30.481315 UTC,2024-04-21 00:33:30.481315 UTC,,1,2024-04-19 03:02:30.481315 UTC
81592,65250,Shipped,2024-04-19 15:30:44.591472 UTC,2024-04-21 06:25:44.591472 UTC,,1,2024-04-19 15:30:44.591472 UTC
85153,68125,Shipped,2024-04-19 05:34:59.346232 UTC,2024-04-21 10:16:59.346232 UTC,,2,2024-04-19 05:34:59.346232 UTC
89138,71327,Shipped,2024-04-19 16:09:00.000000 UTC,2024-04-22 04:51:00.000000 UTC,,1,2024-04-19 16:09:00.000000 UTC
90715,72558,Shipped,2024-04-19 07:32:53.730120 UTC,2024-04-22 06:45:53.730120 UTC,,2,2024-04-19 07:32:53.730120 UTC
90795,72616,Shipped,2024-04-19 07:33:55.182576 UTC,2024-04-20 07:45:55.182576 UTC,,1,2024-04-19 07:33:55.182576 UTC
91377,73079,Shipped,2024-04-19 00:50:07.135273 UTC,2024-04-20 10:12:07.135273 UTC,,1,2024-04-19 00:50:07.135273 UTC
91880,73491,Shipped,2024-04-19 16:37:17.747005 UTC,2024-04-20 20:27:17.747005 UTC,,1,2024-04-19 16:37:17.747005 UTC
97010,77596,Shipped,2024-04-19 06:55:03.905706 UTC,2024-04-19 15:58:03.905706 UTC,,2,2024-04-19 06:55:03.905706 UTC
98053,78456,Shipped,2024-04-19 00:21:00.000000 UTC,2024-04-20 17:15:00.000000 UTC,,1,2024-04-19 00:21:00.000000 UTC
98163,78546,Shipped,2024-04-19 14:10:28.438975 UTC,2024-04-20 16:01:28.438975 UTC,,1,2024-04-19 14:10:28.438975 UTC
104847,83974,Shipped,2024-04-19 08:30:00.000000 UTC,2024-04-21 14:16:00.000000 UTC,,2,2024-04-19 08:30:00.000000 UTC
104906,84023,Shipped,2024-04-19 09:06:49.777703 UTC,2024-04-19 20:13:49.777703 UTC,,2,2024-04-19 09:06:49.777703 UTC
105863,84812,Shipped,2024-04-19 03:38:10.114149 UTC,2024-04-20 04:01:10.114149 UTC,,2,2024-04-19 03:38:10.114149 UTC
106422,85251,Shipped,2024-04-19 17:39:21.330511 UTC,2024-04-21 21:34:21.330511 UTC,,1,2024-04-19 17:39:21.330511 UTC
106423,85251,Shipped,2024-04-19 17:39:21.330511 UTC,2024-04-22 16:04:21.330511 UTC,,1,2024-04-19 17:39:21.330511 UTC
106668,85445,Shipped,2024-04-19 04:10:26.256186 UTC,2024-04-21 07:24:26.256186 UTC,,1,2024-04-19 04:10:26.256186 UTC
107142,85800,Shipped,2024-04-19 15:41:35.472086 UTC,2024-04-22 05:12:35.472086 UTC,,1,2024-04-19 15:41:35.472086 UTC
109492,87647,Shipped,2024-04-19 06:02:00.000000 UTC,2024-04-21 09:29:00.000000 UTC,,1,2024-04-19 06:02:00.000000 UTC
112421,90037,Shipped,2024-04-19 11:10:26.907464 UTC,2024-04-21 22:00:26.907464 UTC,,3,2024-04-19 11:10:26.907464 UTC
112786,90338,Shipped,2024-04-19 01:58:34.758723 UTC,2024-04-19 05:08:34.758723 UTC,,1,2024-04-19 01:58:34.758723 UTC
114044,91361,Shipped,2024-04-19 04:47:01.206934 UTC,2024-04-21 01:58:01.206934 UTC,,1,2024-04-19 04:47:01.206934 UTC
115130,92258,Shipped,2024-04-19 09:13:00.000000 UTC,2024-04-20 23:41:00.000000 UTC,,1,2024-04-19 09:13:00.000000 UTC
117822,94446,Shipped,2024-04-19 18:15:20.921918 UTC,2024-04-22 09:29:20.921918 UTC,,1,2024-04-19 18:15:20.921918 UTC
120617,96699,Shipped,2024-04-19 02:34:22.221638 UTC,2024-04-20 04:27:22.221638 UTC,,2,2024-04-19 02:34:22.221638 UTC
121047,97043,Shipped,2024-04-19 05:13:31.411983 UTC,2024-04-20 07:37:31.411983 UTC,,4,2024-04-19 05:13:31.411983 UTC
121220,97190,Shipped,2024-04-19 00:32:00.000000 UTC,2024-04-19 01:40:00.000000 UTC,,1,2024-04-19 00:32:00.000000 UTC
122762,98398,Shipped,2024-04-19 05:46:06.271566 UTC,2024-04-20 22:48:06.271566 UTC,,1,2024-04-19 05:46:06.271566 UTC
123426,98956,Shipped,2024-04-19 10:57:20.610784 UTC,2024-04-21 22:30:20.610784 UTC,,1,2024-04-19 10:57:20.610784 UTC
124290,99660,Shipped,2024-04-19 12:08:38.653657 UTC,2024-04-21 06:08:38.653657 UTC,,1,2024-04-19 12:08:38.653657 UTC